,净值日期,单位净值,累计净值,日增长率,申购状态,赎回状态,分红送配
0,2015-07-29,1.0,1.0,,封闭期,封闭期,nan
1,2015-07-31,0.9999,0.9999,,封闭期,封闭期,nan
2,2015-08-03,1.0002,1.0002,0.03,开放申购,开放赎回,nan
3,2015-08-04,1.0043,1.0043,0.41,开放申购,开放赎回,nan
4,2015-08-05,1.0006,1.0006,-0.37,开放申购,开放赎回,nan
5,2015-08-06,0.9983,0.9983,-0.23,开放申购,开放赎回,nan
6,2015-08-07,1.0027,1.0027,0.44,开放申购,开放赎回,nan
7,2015-08-10,1.0105,1.0105,0.78,开放申购,开放赎回,nan
8,2015-08-11,1.0093,1.0093,-0.12,开放申购,开放赎回,nan
9,2015-08-12,1.0055,1.0055,-0.38,开放申购,开放赎回,nan
10,2015-08-13,1.0088,1.0088,0.33,开放申购,开放赎回,nan
11,2015-08-14,1.0093,1.0093,0.05,开放申购,开放赎回,nan
12,2015-08-17,1.0135,1.0135,0.42,开放申购,开放赎回,nan
13,2015-08-18,0.9897,0.9897,-2.35,开放申购,开放赎回,nan
14,2015-08-19,1.0025,1.0025,1.29,开放申购,开放赎回,nan
15,2015-08-20,0.989,0.989,-1.35,开放申购,开放赎回,nan
16,2015-08-21,0.9586,0.9586,-3.07,开放申购,开放赎回,nan
17,2015-08-24,0.9053,0.9053,-5.56,开放申购,开放赎回,nan
18,2015-08-25,0.8663,0.8663,-4.31,开放申购,开放赎回,nan
19,2015-08-26,0.8682,0.8682,0.22,开放申购,开放赎回,nan
20,2015-08-27,0.9047,0.9047,4.2,开放申购,开放赎回,nan
21,2015-08-28,0.9292,0.9292,2.71,开放申购,开放赎回,nan
22,2015-08-31,0.9133,0.9133,-1.71,开放申购,开放赎回,nan
23,2015-09-01,0.8895,0.8895,-2.61,开放申购,开放赎回,nan
24,2015-09-02,0.885,0.885,-0.51,开放申购,开放赎回,nan
25,2015-09-07,0.8713,0.8713,-1.55,开放申购,开放赎回,nan
26,2015-09-08,0.8925,0.8925,2.43,开放申购,开放赎回,nan
27,2015-09-09,0.9114,0.9114,2.12,开放申购,开放赎回,nan
28,2015-09-10,0.9055,0.9055,-0.65,开放申购,开放赎回,nan
29,2015-09-11,0.905,0.905,-0.06,开放申购,开放赎回,nan
30,2015-09-14,0.8763,0.8763,-3.17,开放申购,开放赎回,nan
31,2015-09-15,0.852,0.852,-2.77,开放申购,开放赎回,nan
32,2015-09-16,0.8928,0.8928,4.79,开放申购,开放赎回,nan
33,2015-09-17,0.8719,0.8719,-2.34,开放申购,开放赎回,nan
34,2015-09-18,0.8767,0.8767,0.55,开放申购,开放赎回,nan
35,2015-09-21,0.8933,0.8933,1.89,开放申购,开放赎回,nan
36,2015-09-22,0.8982,0.8982,0.55,开放申购,开放赎回,nan
37,2015-09-23,0.8845,0.8845,-1.53,开放申购,开放赎回,nan
38,2015-09-24,0.8923,0.8923,0.88,开放申购,开放赎回,nan
39,2015-09-25,0.878,0.878,-1.6,开放申购,开放赎回,nan
40,2015-09-28,0.8849,0.8849,0.79,开放申购,开放赎回,nan
41,2015-09-29,0.8807,0.8807,-0.47,开放申购,开放赎回,nan
42,2015-09-30,0.8804,0.8804,-0.03,开放申购,开放赎回,nan
43,2015-10-08,0.9086,0.9086,3.2,开放申购,开放赎回,nan
44,2015-10-09,0.9132,0.9132,0.51,开放申购,开放赎回,nan
45,2015-10-12,0.9384,0.9384,2.76,开放申购,开放赎回,nan
46,2015-10-13,0.9437,0.9437,0.56,开放申购,开放赎回,nan
47,2015-10-14,0.9321,0.9321,-1.23,开放申购,开放赎回,nan
48,2015-10-15,0.9486,0.9486,1.77,开放申购,开放赎回,nan
49,2015-10-16,0.9547,0.9547,0.64,开放申购,开放赎回,nan
50,2015-10-19,0.9561,0.9561,0.15,开放申购,开放赎回,nan
51,2015-10-20,0.96,0.96,0.41,开放申购,开放赎回,nan
52,2015-10-21,0.9182,0.9182,-4.35,开放申购,开放赎回,nan
53,2015-10-22,0.9387,0.9387,2.23,开放申购,开放赎回,nan
54,2015-10-23,0.9616,0.9616,2.44,开放申购,开放赎回,nan
55,2015-10-26,0.9687,0.9687,0.74,开放申购,开放赎回,nan
56,2015-10-27,0.9658,0.9658,-0.3,开放申购,开放赎回,nan
57,2015-10-28,0.9504,0.9504,-1.59,开放申购,开放赎回,nan
58,2015-10-29,0.9594,0.9594,0.95,开放申购,开放赎回,nan
59,2015-10-30,0.9669,0.9669,0.78,开放申购,开放赎回,nan
60,2015-11-02,0.9554,0.9554,-1.19,开放申购,开放赎回,nan
61,2015-11-03,0.9568,0.9568,0.15,开放申购,开放赎回,nan
62,2015-11-04,0.991,0.991,3.57,开放申购,开放赎回,nan
63,2015-11-05,0.9924,0.9924,0.14,开放申购,开放赎回,nan
64,2015-11-06,1.0029,1.0029,1.06,开放申购,开放赎回,nan
65,2015-11-09,1.0112,1.0112,0.83,开放申购,开放赎回,nan
66,2015-11-10,1.0102,1.0102,-0.1,开放申购,开放赎回,nan
67,2015-11-11,1.015,1.015,0.48,开放申购,开放赎回,nan
68,2015-11-12,1.0126,1.0126,-0.24,开放申购,开放赎回,nan
69,2015-11-13,0.9956,0.9956,-1.68,开放申购,开放赎回,nan
70,2015-11-16,1.0031,1.0031,0.75,开放申购,开放赎回,nan
71,2015-11-17,1.0029,1.0029,-0.02,开放申购,开放赎回,nan
72,2015-11-18,1.0003,1.0003,-0.26,开放申购,开放赎回,nan
73,2015-11-19,1.0122,1.0122,1.19,开放申购,开放赎回,nan
74,2015-11-20,1.016,1.016,0.38,开放申购,开放赎回,nan
75,2015-11-23,1.016,1.016,0.0,开放申购,开放赎回,nan
76,2015-11-24,1.0209,1.0209,0.48,开放申购,开放赎回,nan
77,2015-11-25,1.0315,1.0315,1.04,开放申购,开放赎回,nan
78,2015-11-26,1.026,1.026,-0.53,开放申购,开放赎回,nan
79,2015-11-27,0.9859,0.9859,-3.91,开放申购,开放赎回,nan
80,2015-11-30,0.9932,0.9932,0.74,开放申购,开放赎回,nan
81,2015-12-01,0.9987,0.9987,0.55,开放申购,开放赎回,nan
82,2015-12-02,1.0142,1.0142,1.55,开放申购,开放赎回,nan
83,2015-12-03,1.0242,1.0242,0.99,开放申购,开放赎回,nan
84,2015-12-04,1.0205,1.0205,-0.36,开放申购,开放赎回,nan
85,2015-12-07,1.0257,1.0257,0.51,开放申购,开放赎回,nan
86,2015-12-08,1.0039,1.0039,-2.13,开放申购,开放赎回,nan
87,2015-12-09,1.0042,1.0042,0.03,开放申购,开放赎回,nan
88,2015-12-10,1.0012,1.0012,-0.3,开放申购,开放赎回,nan
89,2015-12-11,0.9929,0.9929,-0.83,开放申购,开放赎回,nan
90,2015-12-14,1.0096,1.0096,1.68,开放申购,开放赎回,nan
91,2015-12-15,1.017,1.017,0.73,开放申购,开放赎回,nan
92,2015-12-16,1.0173,1.0173,0.03,开放申购,开放赎回,nan
93,2015-12-17,1.0363,1.0363,1.87,开放申购,开放赎回,nan
94,2015-12-18,1.0496,1.0496,1.28,开放申购,开放赎回,nan
95,2015-12-21,1.1005,1.1005,4.85,开放申购,开放赎回,nan
96,2015-12-22,1.1047,1.1047,0.38,开放申购,开放赎回,nan
97,2015-12-23,1.0923,1.0923,-1.12,开放申购,开放赎回,nan
98,2015-12-24,1.0857,1.0857,-0.6,开放申购,开放赎回,nan
99,2015-12-25,1.0842,1.0842,-0.14,开放申购,开放赎回,nan
100,2015-12-28,1.0561,1.0561,-2.59,开放申购,开放赎回,nan
101,2015-12-29,1.0673,1.0673,1.06,开放申购,开放赎回,nan
102,2015-12-30,1.0708,1.0708,0.33,开放申购,开放赎回,nan
103,2015-12-31,1.0662,1.0662,-0.43,开放申购,开放赎回,nan
104,2016-01-04,0.9913,0.9913,-7.02,开放申购,开放赎回,nan
105,2016-01-05,0.9922,0.9922,0.09,开放申购,开放赎回,nan
106,2016-01-06,1.0085,1.0085,1.64,开放申购,开放赎回,nan
107,2016-01-07,0.9411,0.9411,-6.68,开放申购,开放赎回,nan
108,2016-01-08,0.9557,0.9557,1.55,开放申购,开放赎回,nan
109,2016-01-11,0.9083,0.9083,-4.96,开放申购,开放赎回,nan
110,2016-01-12,0.9063,0.9063,-0.22,开放申购,开放赎回,nan
111,2016-01-13,0.8901,0.8901,-1.79,开放申购,开放赎回,nan
112,2016-01-14,0.9107,0.9107,2.31,开放申购,开放赎回,nan
113,2016-01-15,0.8841,0.8841,-2.92,开放申购,开放赎回,nan
114,2016-01-18,0.8911,0.8911,0.79,开放申购,开放赎回,nan
115,2016-01-19,0.9229,0.9229,3.57,开放申购,开放赎回,nan
116,2016-01-20,0.9084,0.9084,-1.57,开放申购,开放赎回,nan
117,2016-01-21,0.8815,0.8815,-2.96,开放申购,开放赎回,nan
118,2016-01-22,0.8884,0.8884,0.78,开放申购,开放赎回,nan
119,2016-01-25,0.8986,0.8986,1.15,开放申购,开放赎回,nan
120,2016-01-26,0.8522,0.8522,-5.16,开放申购,开放赎回,nan
121,2016-01-27,0.8443,0.8443,-0.93,开放申购,开放赎回,nan
122,2016-01-28,0.8203,0.8203,-2.84,开放申购,开放赎回,nan
123,2016-01-29,0.846,0.846,3.13,开放申购,开放赎回,nan
124,2016-02-01,0.8424,0.8424,-0.43,开放申购,开放赎回,nan
125,2016-02-02,0.8614,0.8614,2.26,开放申购,开放赎回,nan
126,2016-02-03,0.8605,0.8605,-0.1,开放申购,开放赎回,nan
127,2016-02-04,0.8701,0.8701,1.12,开放申购,开放赎回,nan
128,2016-02-05,0.8622,0.8622,-0.91,开放申购,开放赎回,nan
129,2016-02-15,0.853,0.853,-1.07,开放申购,开放赎回,nan
130,2016-02-16,0.8806,0.8806,3.24,开放申购,开放赎回,nan
131,2016-02-17,0.8884,0.8884,0.89,开放申购,开放赎回,nan
132,2016-02-18,0.8841,0.8841,-0.48,开放申购,开放赎回,nan
133,2016-02-19,0.8868,0.8868,0.31,开放申购,开放赎回,nan
134,2016-02-22,0.9042,0.9042,1.96,开放申购,开放赎回,nan
135,2016-02-23,0.9083,0.9083,0.45,开放申购,开放赎回,nan
136,2016-02-24,0.9153,0.9153,0.77,开放申购,开放赎回,nan
137,2016-02-25,0.8588,0.8588,-6.17,开放申购,开放赎回,nan
138,2016-02-26,0.8668,0.8668,0.93,开放申购,开放赎回,nan
139,2016-02-29,0.8393,0.8393,-3.17,开放申购,开放赎回,nan
140,2016-03-01,0.8547,0.8547,1.83,开放申购,开放赎回,nan
141,2016-03-02,0.8873,0.8873,3.81,开放申购,开放赎回,nan
142,2016-03-03,0.8931,0.8931,0.65,开放申购,开放赎回,nan
143,2016-03-04,0.8988,0.8988,0.64,开放申购,开放赎回,nan
144,2016-03-07,0.9081,0.9081,1.03,开放申购,开放赎回,nan
145,2016-03-08,0.8994,0.8994,-0.96,开放申购,开放赎回,nan
146,2016-03-09,0.883,0.883,-1.82,开放申购,开放赎回,nan
147,2016-03-10,0.8839,0.8839,0.1,开放申购,开放赎回,nan
148,2016-03-11,0.8812,0.8812,-0.31,开放申购,开放赎回,nan
149,2016-03-14,0.8964,0.8964,1.72,开放申购,开放赎回,nan
150,2016-03-15,0.8993,0.8993,0.32,开放申购,开放赎回,nan
151,2016-03-16,0.8896,0.8896,-1.08,开放申购,开放赎回,nan
152,2016-03-17,0.9051,0.9051,1.74,开放申购,开放赎回,nan
153,2016-03-18,0.9229,0.9229,1.97,开放申购,开放赎回,nan
154,2016-03-21,0.9408,0.9408,1.94,开放申购,开放赎回,nan
155,2016-03-22,0.9419,0.9419,0.12,开放申购,开放赎回,nan
156,2016-03-23,0.9449,0.9449,0.32,开放申购,开放赎回,nan
157,2016-03-24,0.944,0.944,-0.1,开放申购,开放赎回,nan
158,2016-03-25,0.9542,0.9542,1.08,开放申购,开放赎回,nan
159,2016-03-28,0.9619,0.9619,0.81,开放申购,开放赎回,nan
160,2016-03-29,0.9472,0.9472,-1.53,开放申购,开放赎回,nan
161,2016-03-30,0.9676,0.9676,2.15,开放申购,开放赎回,nan
162,2016-03-31,0.97,0.97,0.25,开放申购,开放赎回,nan
163,2016-04-01,0.963,0.963,-0.72,开放申购,开放赎回,nan
164,2016-04-05,0.9795,0.9795,1.71,开放申购,开放赎回,nan
165,2016-04-06,0.9898,0.9898,1.05,开放申购,开放赎回,nan
166,2016-04-07,0.9715,0.9715,-1.85,开放申购,开放赎回,nan
167,2016-04-08,0.9613,0.9613,-1.05,开放申购,开放赎回,nan
168,2016-04-11,0.9671,0.9671,0.6,开放申购,开放赎回,nan
169,2016-04-12,0.962,0.962,-0.53,开放申购,开放赎回,nan
170,2016-04-13,0.9674,0.9674,0.56,开放申购,开放赎回,nan
171,2016-04-14,0.9769,0.9769,0.98,开放申购,开放赎回,nan
172,2016-04-15,0.9771,0.9771,0.02,开放申购,开放赎回,nan
173,2016-04-18,0.9674,0.9674,-0.99,开放申购,开放赎回,nan
174,2016-04-19,0.9689,0.9689,0.16,开放申购,开放赎回,nan
175,2016-04-20,0.9377,0.9377,-3.22,开放申购,开放赎回,nan
176,2016-04-21,0.9373,0.9373,-0.04,开放申购,开放赎回,nan
177,2016-04-22,0.9499,0.9499,1.34,开放申购,开放赎回,nan
178,2016-04-25,0.9504,0.9504,0.05,开放申购,开放赎回,nan
179,2016-04-26,0.9547,0.9547,0.45,开放申购,开放赎回,nan
180,2016-04-27,0.9568,0.9568,0.22,开放申购,开放赎回,nan
181,2016-04-28,0.9558,0.9558,-0.1,开放申购,开放赎回,nan
182,2016-04-29,0.9706,0.9706,1.55,开放申购,开放赎回,nan
183,2016-05-03,1.0152,1.0152,4.6,开放申购,开放赎回,nan
184,2016-05-04,1.0074,1.0074,-0.77,开放申购,开放赎回,nan
185,2016-05-05,1.0134,1.0134,0.6,开放申购,开放赎回,nan
186,2016-05-06,0.9794,0.9794,-3.36,开放申购,开放赎回,nan
187,2016-05-09,0.9667,0.9667,-1.3,开放申购,开放赎回,nan
188,2016-05-10,0.9811,0.9811,1.49,开放申购,开放赎回,nan
189,2016-05-11,0.9998,0.9998,1.91,开放申购,开放赎回,nan
190,2016-05-12,0.9933,0.9933,-0.65,开放申购,开放赎回,nan
191,2016-05-13,0.986,0.986,-0.73,开放申购,开放赎回,nan
192,2016-05-16,0.9994,0.9994,1.36,开放申购,开放赎回,nan
193,2016-05-17,0.9876,0.9876,-1.18,开放申购,开放赎回,nan
194,2016-05-18,0.9682,0.9682,-1.96,开放申购,开放赎回,nan
195,2016-05-19,0.968,0.968,-0.02,开放申购,开放赎回,nan
196,2016-05-20,0.9758,0.9758,0.81,开放申购,开放赎回,nan
197,2016-05-23,0.9864,0.9864,1.09,开放申购,开放赎回,nan
198,2016-05-24,0.9733,0.9733,-1.33,开放申购,开放赎回,nan
199,2016-05-25,0.9671,0.9671,-0.64,开放申购,开放赎回,nan
200,2016-05-26,0.9652,0.9652,-0.2,开放申购,开放赎回,nan
201,2016-05-27,0.9658,0.9658,0.06,开放申购,开放赎回,nan
202,2016-05-30,0.9617,0.9617,-0.42,开放申购,开放赎回,nan
203,2016-05-31,0.9906,0.9906,3.01,开放申购,开放赎回,nan
204,2016-06-01,0.9929,0.9929,0.23,开放申购,开放赎回,nan
205,2016-06-02,1.0007,1.0007,0.79,开放申购,开放赎回,nan
206,2016-06-03,1.0275,1.0275,2.68,开放申购,开放赎回,nan
207,2016-06-06,1.0222,1.0222,-0.52,开放申购,开放赎回,nan
208,2016-06-07,1.0277,1.0277,0.54,开放申购,开放赎回,nan
209,2016-06-08,1.0164,1.0164,-1.1,开放申购,开放赎回,nan
210,2016-06-13,0.9869,0.9869,-2.9,开放申购,开放赎回,nan
211,2016-06-14,1.0008,1.0008,1.41,开放申购,开放赎回,nan
212,2016-06-15,1.0218,1.0218,2.1,开放申购,开放赎回,nan
213,2016-06-16,1.0194,1.0194,-0.23,开放申购,开放赎回,nan
214,2016-06-17,1.0337,1.0337,1.4,开放申购,开放赎回,nan
215,2016-06-20,1.0285,1.0285,-0.5,开放申购,开放赎回,nan
216,2016-06-21,1.0193,1.0193,-0.89,开放申购,开放赎回,nan
217,2016-06-22,1.0284,1.0284,0.89,开放申购,开放赎回,nan
218,2016-06-23,1.0197,1.0197,-0.85,开放申购,开放赎回,nan
219,2016-06-24,1.0071,1.0071,-1.24,开放申购,开放赎回,nan
220,2016-06-27,1.0313,1.0313,2.4,开放申购,开放赎回,nan
221,2016-06-28,1.0352,1.0352,0.38,开放申购,开放赎回,nan
222,2016-06-29,1.0345,1.0345,-0.07,开放申购,开放赎回,nan
223,2016-06-30,1.0422,1.0422,0.74,开放申购,开放赎回,nan
224,2016-07-01,1.0437,1.0437,0.14,开放申购,开放赎回,nan
225,2016-07-04,1.0568,1.0568,1.26,开放申购,开放赎回,nan
226,2016-07-05,1.0631,1.0631,0.6,开放申购,开放赎回,nan
227,2016-07-06,1.1007,1.1007,3.54,开放申购,开放赎回,nan
228,2016-07-07,1.0965,1.0965,-0.38,开放申购,开放赎回,nan
229,2016-07-08,1.0941,1.0941,-0.22,开放申购,开放赎回,nan
230,2016-07-11,1.1113,1.1113,1.57,开放申购,开放赎回,nan
231,2016-07-12,1.1334,1.1334,1.99,开放申购,开放赎回,nan
232,2016-07-13,1.1224,1.1224,-0.97,开放申购,开放赎回,nan
233,2016-07-14,1.1214,1.1214,-0.09,开放申购,开放赎回,nan
234,2016-07-15,1.1205,1.1205,-0.08,开放申购,开放赎回,nan
235,2016-07-18,1.1144,1.1144,-0.54,开放申购,开放赎回,nan
236,2016-07-19,1.0982,1.0982,-1.45,开放申购,开放赎回,nan
237,2016-07-20,1.0976,1.0976,-0.05,开放申购,开放赎回,nan
238,2016-07-21,1.1022,1.1022,0.42,开放申购,开放赎回,nan
239,2016-07-22,1.0854,1.0854,-1.52,开放申购,开放赎回,nan
240,2016-07-25,1.0917,1.0917,0.58,开放申购,开放赎回,nan
241,2016-07-26,1.1139,1.1139,2.03,开放申购,开放赎回,nan
242,2016-07-27,1.0817,1.0817,-2.89,开放申购,开放赎回,nan
243,2016-07-28,1.0921,1.0921,0.96,开放申购,开放赎回,nan
244,2016-07-29,1.0923,1.0923,0.02,开放申购,开放赎回,nan
245,2016-08-01,1.0687,1.0687,-2.16,开放申购,开放赎回,nan
246,2016-08-02,1.071,1.071,0.22,开放申购,开放赎回,nan
247,2016-08-03,1.0745,1.0745,0.33,开放申购,开放赎回,nan
248,2016-08-04,1.0745,1.0745,0.0,开放申购,开放赎回,nan
249,2016-08-05,1.0737,1.0737,-0.07,开放申购,开放赎回,nan
250,2016-08-08,1.0827,1.0827,0.84,开放申购,开放赎回,nan
251,2016-08-09,1.0964,1.0964,1.27,开放申购,开放赎回,nan
252,2016-08-10,1.0891,1.0891,-0.67,开放申购,开放赎回,nan
253,2016-08-11,1.0865,1.0865,-0.24,开放申购,开放赎回,nan
254,2016-08-12,1.0911,1.0911,0.42,开放申购,开放赎回,nan
255,2016-08-15,1.1097,1.1097,1.7,开放申购,开放赎回,nan
256,2016-08-16,1.1074,1.1074,-0.21,开放申购,开放赎回,nan
257,2016-08-17,1.1104,1.1104,0.27,开放申购,开放赎回,nan
258,2016-08-18,1.1049,1.1049,-0.5,开放申购,开放赎回,nan
259,2016-08-19,1.1021,1.1021,-0.25,开放申购,开放赎回,nan
260,2016-08-22,1.0999,1.0999,-0.2,开放申购,开放赎回,nan
261,2016-08-23,1.0977,1.0977,-0.2,开放申购,开放赎回,nan
262,2016-08-24,1.0943,1.0943,-0.31,开放申购,开放赎回,nan
263,2016-08-25,1.0871,1.0871,-0.66,开放申购,开放赎回,nan
264,2016-08-26,1.0863,1.0863,-0.07,开放申购,开放赎回,nan
265,2016-08-29,1.0794,1.0794,-0.64,开放申购,开放赎回,nan
266,2016-08-30,1.0809,1.0809,0.14,开放申购,开放赎回,nan
267,2016-08-31,1.0858,1.0858,0.45,开放申购,开放赎回,nan
268,2016-09-01,1.079,1.079,-0.63,开放申购,开放赎回,nan
269,2016-09-02,1.0711,1.0711,-0.73,开放申购,开放赎回,nan
270,2016-09-05,1.0732,1.0732,0.2,开放申购,开放赎回,nan
271,2016-09-06,1.0828,1.0828,0.89,开放申购,开放赎回,nan
272,2016-09-07,1.0767,1.0767,-0.56,开放申购,开放赎回,nan
273,2016-09-08,1.0746,1.0746,-0.2,开放申购,开放赎回,nan
274,2016-09-09,1.0682,1.0682,-0.6,开放申购,开放赎回,nan
275,2016-09-12,1.0402,1.0402,-2.62,开放申购,开放赎回,nan
276,2016-09-13,1.0465,1.0465,0.61,开放申购,开放赎回,nan
277,2016-09-14,1.0437,1.0437,-0.27,开放申购,开放赎回,nan
278,2016-09-19,1.0527,1.0527,0.86,开放申购,开放赎回,nan
279,2016-09-20,1.0529,1.0529,0.02,开放申购,开放赎回,nan
280,2016-09-21,1.0521,1.0521,-0.08,开放申购,开放赎回,nan
281,2016-09-22,1.0619,1.0619,0.93,开放申购,开放赎回,nan
282,2016-09-23,1.0581,1.0581,-0.36,开放申购,开放赎回,nan
283,2016-09-26,1.0365,1.0365,-2.04,开放申购,开放赎回,nan
284,2016-09-27,1.0417,1.0417,0.5,开放申购,开放赎回,nan
285,2016-09-28,1.0395,1.0395,-0.21,开放申购,开放赎回,nan
286,2016-09-29,1.0455,1.0455,0.58,开放申购,开放赎回,nan
287,2016-09-30,1.0553,1.0553,0.94,开放申购,开放赎回,nan
288,2016-10-10,1.0748,1.0748,1.85,开放申购,开放赎回,nan
289,2016-10-11,1.0803,1.0803,0.51,开放申购,开放赎回,nan
290,2016-10-12,1.0788,1.0788,-0.14,开放申购,开放赎回,nan
291,2016-10-13,1.0778,1.0778,-0.09,开放申购,开放赎回,nan
292,2016-10-14,1.0799,1.0799,0.19,开放申购,开放赎回,nan
293,2016-10-17,1.0745,1.0745,-0.5,开放申购,开放赎回,nan
294,2016-10-18,1.0906,1.0906,1.5,开放申购,开放赎回,nan
295,2016-10-19,1.0909,1.0909,0.03,开放申购,开放赎回,nan
296,2016-10-20,1.0889,1.0889,-0.18,开放申购,开放赎回,nan
297,2016-10-21,1.0836,1.0836,-0.49,开放申购,开放赎回,nan
298,2016-10-24,1.0919,1.0919,0.77,开放申购,开放赎回,nan
299,2016-10-25,1.1045,1.1045,1.15,开放申购,开放赎回,nan
300,2016-10-26,1.1214,1.1214,1.53,开放申购,开放赎回,nan
301,2016-10-27,1.1158,1.1158,-0.5,开放申购,开放赎回,nan
302,2016-10-28,1.1108,1.1108,-0.45,开放申购,开放赎回,nan
303,2016-10-31,1.1109,1.1109,0.01,开放申购,开放赎回,nan
304,2016-11-01,1.1217,1.1217,0.97,开放申购,开放赎回,nan
305,2016-11-02,1.1099,1.1099,-1.05,开放申购,开放赎回,nan
306,2016-11-03,1.1139,1.1139,0.36,开放申购,开放赎回,nan
307,2016-11-04,1.111,1.111,-0.26,开放申购,开放赎回,nan
308,2016-11-07,1.1114,1.1114,0.04,开放申购,开放赎回,nan
309,2016-11-08,1.1193,1.1193,0.71,开放申购,开放赎回,nan
310,2016-11-09,1.1111,1.1111,-0.73,开放申购,开放赎回,nan
311,2016-11-10,1.1213,1.1213,0.92,开放申购,开放赎回,nan
312,2016-11-11,1.1205,1.1205,-0.07,开放申购,开放赎回,nan
313,2016-11-14,1.116,1.116,-0.4,开放申购,开放赎回,nan
314,2016-11-15,1.1246,1.1246,0.77,开放申购,开放赎回,nan
315,2016-11-16,1.121,1.121,-0.32,开放申购,开放赎回,nan
316,2016-11-17,1.1167,1.1167,-0.38,开放申购,开放赎回,nan
317,2016-11-18,1.1113,1.1113,-0.48,开放申购,开放赎回,nan
318,2016-11-21,1.1106,1.1106,-0.06,开放申购,开放赎回,nan
319,2016-11-22,1.1141,1.1141,0.32,开放申购,开放赎回,nan
320,2016-11-23,1.118,1.118,0.35,开放申购,开放赎回,nan
321,2016-11-24,1.1267,1.1267,0.78,开放申购,开放赎回,nan
322,2016-11-25,1.1266,1.1266,-0.01,开放申购,开放赎回,nan
323,2016-11-28,1.1269,1.1269,0.03,开放申购,开放赎回,nan
324,2016-11-29,1.1416,1.1416,1.3,开放申购,开放赎回,nan
325,2016-11-30,1.1302,1.1302,-1.0,开放申购,开放赎回,nan
326,2016-12-01,1.1341,1.1341,0.35,开放申购,开放赎回,nan
327,2016-12-02,1.1171,1.1171,-1.5,开放申购,开放赎回,nan
328,2016-12-05,1.1018,1.1018,-1.37,开放申购,开放赎回,nan
329,2016-12-06,1.1119,1.1119,0.92,开放申购,开放赎回,nan
330,2016-12-07,1.1201,1.1201,0.74,开放申购,开放赎回,nan
331,2016-12-08,1.1251,1.1251,0.45,开放申购,开放赎回,nan
332,2016-12-09,1.1254,1.1254,0.03,开放申购,开放赎回,nan
333,2016-12-12,1.0867,1.0867,-3.44,开放申购,开放赎回,nan
334,2016-12-13,1.1019,1.1019,1.4,开放申购,开放赎回,nan
335,2016-12-14,1.0933,1.0933,-0.78,开放申购,开放赎回,nan
336,2016-12-15,1.0903,1.0903,-0.27,开放申购,开放赎回,nan
337,2016-12-16,1.0963,1.0963,0.55,开放申购,开放赎回,nan
338,2016-12-19,1.0998,1.0998,0.32,开放申购,开放赎回,nan
339,2016-12-20,1.0932,1.0932,-0.6,开放申购,开放赎回,nan
340,2016-12-21,1.0993,1.0993,0.56,开放申购,开放赎回,nan
341,2016-12-22,1.0951,1.0951,-0.38,开放申购,开放赎回,nan
342,2016-12-23,1.0779,1.0779,-1.57,开放申购,开放赎回,nan
343,2016-12-26,1.0808,1.0808,0.27,开放申购,开放赎回,nan
344,2016-12-27,1.0829,1.0829,0.19,开放申购,开放赎回,nan
345,2016-12-28,1.0786,1.0786,-0.4,开放申购,开放赎回,nan
346,2016-12-29,1.0794,1.0794,0.07,开放申购,开放赎回,nan
347,2016-12-30,1.086,1.086,0.61,开放申购,开放赎回,nan
348,2016-12-31,1.0859,1.0859,-0.01,开放申购,开放赎回,nan
349,2017-01-03,1.0923,1.0923,0.58,开放申购,开放赎回,nan
350,2017-01-04,1.1158,1.1158,2.15,开放申购,开放赎回,nan
351,2017-01-05,1.1124,1.1124,-0.3,开放申购,开放赎回,nan
352,2017-01-06,1.1065,1.1065,-0.53,开放申购,开放赎回,nan
353,2017-01-09,1.1083,1.1083,0.16,开放申购,开放赎回,nan
354,2017-01-10,1.1083,1.1083,0.0,开放申购,开放赎回,nan
355,2017-01-11,1.0943,1.0943,-1.26,开放申购,开放赎回,nan
356,2017-01-12,1.0875,1.0875,-0.62,开放申购,开放赎回,nan
357,2017-01-13,1.0764,1.0764,-1.02,开放申购,开放赎回,nan
358,2017-01-16,1.0588,1.0588,-1.64,开放申购,开放赎回,nan
359,2017-01-17,1.0696,1.0696,1.02,开放申购,开放赎回,nan
360,2017-01-18,1.0794,1.0794,0.92,开放申购,开放赎回,nan
361,2017-01-19,1.0736,1.0736,-0.54,开放申购,开放赎回,nan
362,2017-01-20,1.0822,1.0822,0.8,开放申购,开放赎回,nan
363,2017-01-23,1.0871,1.0871,0.45,开放申购,开放赎回,nan
364,2017-01-24,1.0869,1.0869,-0.02,开放申购,开放赎回,nan
365,2017-01-25,1.0882,1.0882,0.12,开放申购,开放赎回,nan
366,2017-01-26,1.0859,1.0859,-0.21,开放申购,开放赎回,nan
367,2017-02-03,1.0811,1.0811,-0.44,开放申购,开放赎回,nan
368,2017-02-06,1.0873,1.0873,0.57,开放申购,开放赎回,nan
369,2017-02-07,1.0878,1.0878,0.05,开放申购,开放赎回,nan
370,2017-02-08,1.094,1.094,0.57,开放申购,开放赎回,nan
371,2017-02-09,1.1039,1.1039,0.9,开放申购,开放赎回,nan
372,2017-02-10,1.1063,1.1063,0.22,开放申购,开放赎回,nan
373,2017-02-13,1.1258,1.1258,1.76,开放申购,开放赎回,nan
374,2017-02-14,1.1246,1.1246,-0.11,开放申购,开放赎回,nan
375,2017-02-15,1.1151,1.1151,-0.84,开放申购,开放赎回,nan
376,2017-02-16,1.1163,1.1163,0.11,开放申购,开放赎回,nan
377,2017-02-17,1.1195,1.1195,0.29,开放申购,开放赎回,nan
378,2017-02-20,1.1461,1.1461,2.38,开放申购,开放赎回,nan
379,2017-02-21,1.1471,1.1471,0.09,开放申购,开放赎回,nan
380,2017-02-22,1.159,1.159,1.04,开放申购,开放赎回,nan
381,2017-02-23,1.1512,1.1512,-0.67,开放申购,开放赎回,nan
382,2017-02-24,1.1507,1.1507,-0.04,开放申购,开放赎回,nan
383,2017-02-27,1.1336,1.1336,-1.49,开放申购,开放赎回,nan
384,2017-02-28,1.1343,1.1343,0.06,开放申购,开放赎回,nan
385,2017-03-01,1.1405,1.1405,0.55,开放申购,开放赎回,nan
386,2017-03-02,1.1376,1.1376,-0.25,开放申购,开放赎回,nan
387,2017-03-03,1.1395,1.1395,0.17,开放申购,开放赎回,nan
388,2017-03-06,1.1475,1.1475,0.7,开放申购,开放赎回,nan
389,2017-03-07,1.1648,1.1648,1.51,开放申购,开放赎回,nan
390,2017-03-08,1.1595,1.1595,-0.46,开放申购,开放赎回,nan
391,2017-03-09,1.1535,1.1535,-0.52,开放申购,开放赎回,nan
392,2017-03-10,1.1554,1.1554,0.16,开放申购,开放赎回,nan
393,2017-03-13,1.17,1.17,1.26,开放申购,开放赎回,nan
394,2017-03-14,1.1641,1.1641,-0.5,开放申购,开放赎回,nan
395,2017-03-15,1.1653,1.1653,0.1,开放申购,开放赎回,nan
396,2017-03-16,1.1653,1.1653,0.0,开放申购,开放赎回,nan
397,2017-03-17,1.162,1.162,-0.28,开放申购,开放赎回,nan
398,2017-03-20,1.1699,1.1699,0.68,开放申购,开放赎回,nan
399,2017-03-21,1.1959,1.1959,2.22,开放申购,开放赎回,nan
400,2017-03-22,1.1971,1.1971,0.1,开放申购,开放赎回,nan
401,2017-03-23,1.1926,1.1926,-0.38,开放申购,开放赎回,nan
402,2017-03-24,1.191,1.191,-0.13,开放申购,开放赎回,nan
403,2017-03-27,1.1772,1.1772,-1.16,开放申购,开放赎回,nan
404,2017-03-28,1.1742,1.1742,-0.25,开放申购,开放赎回,nan
405,2017-03-29,1.1737,1.1737,-0.04,开放申购,开放赎回,nan
406,2017-03-30,1.1608,1.1608,-1.1,开放申购,开放赎回,nan
407,2017-03-31,1.1643,1.1643,0.3,开放申购,开放赎回,nan
408,2017-04-05,1.1766,1.1766,1.06,开放申购,开放赎回,nan
409,2017-04-06,1.1739,1.1739,-0.23,开放申购,开放赎回,nan
410,2017-04-07,1.17,1.17,-0.33,开放申购,开放赎回,nan
411,2017-04-10,1.1529,1.1529,-1.46,开放申购,开放赎回,nan
412,2017-04-11,1.15,1.15,-0.25,开放申购,开放赎回,nan
413,2017-04-12,1.1564,1.1564,0.56,开放申购,开放赎回,nan
414,2017-04-13,1.1651,1.1651,0.75,开放申购,开放赎回,nan
415,2017-04-14,1.1517,1.1517,-1.15,开放申购,开放赎回,nan
416,2017-04-17,1.1516,1.1516,-0.01,开放申购,开放赎回,nan
417,2017-04-18,1.164,1.164,1.08,开放申购,开放赎回,nan
418,2017-04-19,1.1583,1.1583,-0.49,开放申购,开放赎回,nan
419,2017-04-20,1.1808,1.1808,1.94,开放申购,开放赎回,nan
420,2017-04-21,1.1673,1.1673,-1.14,开放申购,开放赎回,nan
421,2017-04-24,1.143,1.143,-2.08,开放申购,开放赎回,nan
422,2017-04-25,1.1634,1.1634,1.78,开放申购,开放赎回,nan
423,2017-04-26,1.1598,1.1598,-0.31,开放申购,开放赎回,nan
424,2017-04-27,1.1623,1.1623,0.22,开放申购,开放赎回,nan
425,2017-04-28,1.1404,1.1404,-1.88,开放申购,开放赎回,nan
426,2017-05-02,1.1342,1.1342,-0.54,开放申购,开放赎回,nan
427,2017-05-03,1.1373,1.1373,0.27,开放申购,开放赎回,nan
428,2017-05-04,1.1348,1.1348,-0.22,开放申购,开放赎回,nan
429,2017-05-05,1.1278,1.1278,-0.62,开放申购,开放赎回,nan
430,2017-05-08,1.1094,1.1094,-1.63,开放申购,开放赎回,nan
431,2017-05-09,1.1139,1.1139,0.41,开放申购,开放赎回,nan
432,2017-05-10,1.1062,1.1062,-0.69,开放申购,开放赎回,nan
433,2017-05-11,1.1088,1.1088,0.24,开放申购,开放赎回,nan
434,2017-05-12,1.1109,1.1109,0.19,开放申购,开放赎回,nan
435,2017-05-15,1.1234,1.1234,1.13,开放申购,开放赎回,nan
436,2017-05-16,1.1477,1.1477,2.16,开放申购,开放赎回,nan
437,2017-05-17,1.138,1.138,-0.85,开放申购,开放赎回,nan
438,2017-05-18,1.1364,1.1364,-0.14,开放申购,开放赎回,nan
439,2017-05-19,1.1458,1.1458,0.83,开放申购,开放赎回,nan
440,2017-05-22,1.1414,1.1414,-0.38,开放申购,开放赎回,nan
441,2017-05-23,1.1472,1.1472,0.51,开放申购,开放赎回,nan
442,2017-05-24,1.1377,1.1377,-0.83,开放申购,开放赎回,nan
443,2017-05-25,1.1426,1.1426,0.43,开放申购,开放赎回,nan
444,2017-05-26,1.1421,1.1421,-0.04,开放申购,开放赎回,nan
445,2017-05-31,1.1383,1.1383,-0.33,开放申购,开放赎回,nan
446,2017-06-01,1.1345,1.1345,-0.33,开放申购,开放赎回,nan
447,2017-06-02,1.1323,1.1323,-0.19,开放申购,开放赎回,nan
448,2017-06-05,1.1294,1.1294,-0.26,开放申购,开放赎回,nan
449,2017-06-06,1.1436,1.1436,1.26,开放申购,开放赎回,nan
450,2017-06-07,1.1677,1.1677,2.11,开放申购,开放赎回,nan
451,2017-06-08,1.1863,1.1863,1.59,开放申购,开放赎回,nan
452,2017-06-09,1.1951,1.1951,0.74,开放申购,开放赎回,nan
453,2017-06-12,1.2073,1.2073,1.02,开放申购,开放赎回,nan
454,2017-06-13,1.2098,1.2098,0.21,开放申购,开放赎回,nan
455,2017-06-14,1.2016,1.2016,-0.68,开放申购,开放赎回,nan
456,2017-06-15,1.192,1.192,-0.8,开放申购,开放赎回,nan
457,2017-06-16,1.1862,1.1862,-0.49,开放申购,开放赎回,nan
458,2017-06-19,1.1947,1.1947,0.72,开放申购,开放赎回,nan
459,2017-06-20,1.1899,1.1899,-0.4,开放申购,开放赎回,nan
460,2017-06-21,1.2088,1.2088,1.59,开放申购,开放赎回,nan
461,2017-06-22,1.1978,1.1978,-0.91,开放申购,开放赎回,nan
462,2017-06-23,1.2049,1.2049,0.59,开放申购,开放赎回,nan
463,2017-06-26,1.227,1.227,1.83,开放申购,开放赎回,nan
464,2017-06-27,1.2305,1.2305,0.29,开放申购,开放赎回,nan
465,2017-06-28,1.2166,1.2166,-1.13,开放申购,开放赎回,nan
466,2017-06-29,1.223,1.223,0.53,开放申购,开放赎回,nan
467,2017-06-30,1.2258,1.2258,0.23,开放申购,开放赎回,nan
468,2017-07-03,1.2137,1.2137,-0.99,开放申购,开放赎回,nan
469,2017-07-04,1.2012,1.2012,-1.03,开放申购,开放赎回,nan
470,2017-07-05,1.2116,1.2116,0.87,开放申购,开放赎回,nan
471,2017-07-06,1.206,1.206,-0.46,开放申购,开放赎回,nan
472,2017-07-07,1.198,1.198,-0.66,开放申购,开放赎回,nan
473,2017-07-10,1.2041,1.2041,0.51,开放申购,开放赎回,nan
474,2017-07-11,1.2095,1.2095,0.45,开放申购,开放赎回,nan
475,2017-07-12,1.1999,1.1999,-0.79,开放申购,开放赎回,nan
476,2017-07-13,1.1982,1.1982,-0.14,开放申购,开放赎回,nan
477,2017-07-14,1.2037,1.2037,0.46,开放申购,开放赎回,nan
478,2017-07-17,1.171,1.171,-2.72,开放申购,开放赎回,nan
479,2017-07-18,1.1761,1.1761,0.44,开放申购,开放赎回,nan
480,2017-07-19,1.1904,1.1904,1.22,开放申购,开放赎回,nan
481,2017-07-20,1.2036,1.2036,1.11,开放申购,开放赎回,nan
482,2017-07-21,1.2099,1.2099,0.52,开放申购,开放赎回,nan
483,2017-07-24,1.2255,1.2255,1.29,开放申购,开放赎回,nan
484,2017-07-25,1.2203,1.2203,-0.42,开放申购,开放赎回,nan
485,2017-07-26,1.2062,1.2062,-1.16,开放申购,开放赎回,nan
486,2017-07-27,1.2145,1.2145,0.69,开放申购,开放赎回,nan
487,2017-07-28,1.2414,1.2414,2.21,开放申购,开放赎回,nan
488,2017-07-31,1.2501,1.2501,0.7,开放申购,开放赎回,nan
489,2017-08-01,1.2528,1.2528,0.22,开放申购,开放赎回,nan
490,2017-08-02,1.2431,1.2431,-0.77,开放申购,开放赎回,nan
491,2017-08-03,1.2364,1.2364,-0.54,开放申购,开放赎回,nan
492,2017-08-04,1.2258,1.2258,-0.86,开放申购,开放赎回,nan
493,2017-08-07,1.2521,1.2521,2.15,开放申购,开放赎回,nan
494,2017-08-08,1.2522,1.2522,0.01,开放申购,开放赎回,nan
495,2017-08-09,1.287,1.287,2.78,开放申购,开放赎回,nan
496,2017-08-10,1.2912,1.2912,0.33,开放申购,开放赎回,nan
497,2017-08-11,1.2636,1.2636,-2.14,开放申购,开放赎回,nan
498,2017-08-14,1.2827,1.2827,1.51,开放申购,开放赎回,nan
499,2017-08-15,1.2856,1.2856,0.23,开放申购,开放赎回,nan
500,2017-08-16,1.2814,1.2814,-0.33,开放申购,开放赎回,nan
501,2017-08-17,1.2755,1.2755,-0.46,开放申购,开放赎回,nan
502,2017-08-18,1.2734,1.2734,-0.16,开放申购,开放赎回,nan
503,2017-08-21,1.2721,1.2721,-0.1,开放申购,开放赎回,nan
504,2017-08-22,1.2621,1.2621,-0.79,开放申购,开放赎回,nan
505,2017-08-23,1.2666,1.2666,0.36,开放申购,开放赎回,nan
506,2017-08-24,1.2529,1.2529,-1.08,开放申购,开放赎回,nan
507,2017-08-25,1.263,1.263,0.81,开放申购,开放赎回,nan
508,2017-08-28,1.2707,1.2707,0.61,开放申购,开放赎回,nan
509,2017-08-29,1.2727,1.2727,0.16,开放申购,开放赎回,nan
510,2017-08-30,1.2779,1.2779,0.41,开放申购,开放赎回,nan
511,2017-08-31,1.2777,1.2777,-0.02,开放申购,开放赎回,nan
512,2017-09-01,1.2818,1.2818,0.32,开放申购,开放赎回,nan
513,2017-09-04,1.2769,1.2769,-0.38,开放申购,开放赎回,nan
514,2017-09-05,1.2802,1.2802,0.26,开放申购,开放赎回,nan
515,2017-09-06,1.274,1.274,-0.48,开放申购,开放赎回,nan
516,2017-09-07,1.2637,1.2637,-0.81,开放申购,开放赎回,nan
517,2017-09-08,1.255,1.255,-0.69,开放申购,开放赎回,nan
518,2017-09-11,1.2601,1.2601,0.41,开放申购,开放赎回,nan
519,2017-09-12,1.2731,1.2731,1.03,开放申购,开放赎回,nan
520,2017-09-13,1.2919,1.2919,1.48,开放申购,开放赎回,nan
521,2017-09-14,1.2908,1.2908,-0.09,开放申购,开放赎回,nan
522,2017-09-15,1.2931,1.2931,0.18,开放申购,开放赎回,nan
523,2017-09-18,1.3166,1.3166,1.82,开放申购,开放赎回,nan
524,2017-09-19,1.3101,1.3101,-0.49,开放申购,开放赎回,nan
525,2017-09-20,1.3223,1.3223,0.93,开放申购,开放赎回,nan
526,2017-09-21,1.3166,1.3166,-0.43,开放申购,开放赎回,nan
527,2017-09-22,1.3171,1.3171,0.04,开放申购,开放赎回,nan
528,2017-09-25,1.329,1.329,0.9,开放申购,开放赎回,nan
529,2017-09-26,1.3266,1.3266,-0.18,开放申购,开放赎回,nan
530,2017-09-27,1.3241,1.3241,-0.19,开放申购,开放赎回,nan
531,2017-09-28,1.3466,1.3466,1.7,开放申购,开放赎回,nan
532,2017-09-29,1.3533,1.3533,0.5,开放申购,开放赎回,nan
533,2017-10-09,1.3646,1.3646,0.84,开放申购,开放赎回,nan
534,2017-10-10,1.3782,1.3782,1.0,开放申购,开放赎回,nan
535,2017-10-11,1.4109,1.4109,2.37,开放申购,开放赎回,nan
536,2017-10-12,1.4023,1.4023,-0.61,开放申购,开放赎回,nan
537,2017-10-13,1.4009,1.4009,-0.1,开放申购,开放赎回,nan
538,2017-10-16,1.3802,1.3802,-1.48,开放申购,开放赎回,nan
539,2017-10-17,1.3829,1.3829,0.2,开放申购,开放赎回,nan
540,2017-10-18,1.4046,1.4046,1.57,开放申购,开放赎回,nan
541,2017-10-19,1.4263,1.4263,1.54,开放申购,开放赎回,nan
542,2017-10-20,1.4115,1.4115,-1.04,开放申购,开放赎回,nan
543,2017-10-23,1.4194,1.4194,0.56,开放申购,开放赎回,nan
544,2017-10-24,1.4225,1.4225,0.22,开放申购,开放赎回,nan
545,2017-10-25,1.419,1.419,-0.25,开放申购,开放赎回,nan
546,2017-10-26,1.4367,1.4367,1.25,开放申购,开放赎回,nan
547,2017-10-27,1.4655,1.4655,2.0,开放申购,开放赎回,nan
548,2017-10-30,1.4465,1.4465,-1.3,开放申购,开放赎回,nan
549,2017-10-31,1.4421,1.4421,-0.3,开放申购,开放赎回,nan
550,2017-11-01,1.4407,1.4407,-0.1,开放申购,开放赎回,nan
551,2017-11-02,1.4435,1.4435,0.19,开放申购,开放赎回,nan
552,2017-11-03,1.4502,1.4502,0.46,开放申购,开放赎回,nan
553,2017-11-06,1.4869,1.4869,2.53,开放申购,开放赎回,nan
554,2017-11-07,1.4823,1.4823,-0.31,开放申购,开放赎回,nan
555,2017-11-08,1.4732,1.4732,-0.61,开放申购,开放赎回,nan
556,2017-11-09,1.4789,1.4789,0.39,开放申购,开放赎回,nan
557,2017-11-10,1.5123,1.5123,2.26,开放申购,开放赎回,nan
558,2017-11-13,1.5031,1.5031,-0.61,开放申购,开放赎回,nan
559,2017-11-14,1.4699,1.4699,-2.21,开放申购,开放赎回,nan
560,2017-11-15,1.4818,1.4818,0.81,开放申购,开放赎回,nan
561,2017-11-16,1.5128,1.5128,2.09,开放申购,开放赎回,nan
562,2017-11-17,1.4826,1.4826,-2.0,开放申购,开放赎回,nan
563,2017-11-20,1.4682,1.4682,-0.97,开放申购,开放赎回,nan
564,2017-11-21,1.4942,1.4942,1.77,开放申购,开放赎回,nan
565,2017-11-22,1.4609,1.4609,-2.23,开放申购,开放赎回,nan
566,2017-11-23,1.4057,1.4057,-3.78,开放申购,开放赎回,nan
567,2017-11-24,1.4031,1.4031,-0.19,开放申购,开放赎回,nan
568,2017-11-27,1.3856,1.3856,-1.25,开放申购,开放赎回,nan
569,2017-11-28,1.4002,1.4002,1.05,开放申购,开放赎回,nan
570,2017-11-29,1.3759,1.3759,-1.74,开放申购,开放赎回,nan
571,2017-11-30,1.3653,1.3653,-0.77,开放申购,开放赎回,nan
572,2017-12-01,1.3684,1.3684,0.23,开放申购,开放赎回,nan
573,2017-12-04,1.3959,1.3959,2.01,开放申购,开放赎回,nan
574,2017-12-05,1.3923,1.3923,-0.26,开放申购,开放赎回,nan
575,2017-12-06,1.3868,1.3868,-0.4,开放申购,开放赎回,nan
576,2017-12-07,1.3665,1.3665,-1.46,开放申购,开放赎回,nan
577,2017-12-08,1.3875,1.3875,1.54,开放申购,开放赎回,nan
578,2017-12-11,1.4289,1.4289,2.98,开放申购,开放赎回,nan
579,2017-12-12,1.4243,1.4243,-0.32,开放申购,开放赎回,nan
580,2017-12-13,1.4581,1.4581,2.37,开放申购,开放赎回,nan
581,2017-12-14,1.4582,1.4582,0.01,开放申购,开放赎回,nan
582,2017-12-15,1.4449,1.4449,-0.91,开放申购,开放赎回,nan
583,2017-12-18,1.4609,1.4609,1.11,开放申购,开放赎回,nan
584,2017-12-19,1.4737,1.4737,0.88,开放申购,开放赎回,nan
585,2017-12-20,1.4999,1.4999,1.78,开放申购,开放赎回,nan
586,2017-12-21,1.5011,1.5011,0.08,开放申购,开放赎回,nan
587,2017-12-22,1.4906,1.4906,-0.7,开放申购,开放赎回,nan
588,2017-12-25,1.4909,1.4909,0.02,开放申购,开放赎回,nan
589,2017-12-26,1.4793,1.4793,-0.78,开放申购,开放赎回,nan
590,2017-12-27,1.4567,1.4567,-1.53,开放申购,开放赎回,nan
591,2017-12-28,1.4922,1.4922,2.44,开放申购,开放赎回,nan
592,2017-12-29,1.4839,1.4839,-0.56,开放申购,开放赎回,nan
593,2017-12-31,1.4839,1.4839,,开放申购,开放赎回,nan
594,2018-01-02,1.4886,1.4886,0.32,开放申购,开放赎回,nan
595,2018-01-03,1.4984,1.4984,0.66,开放申购,开放赎回,nan
596,2018-01-04,1.531,1.531,2.18,开放申购,开放赎回,nan
597,2018-01-05,1.5335,1.5335,0.16,开放申购,开放赎回,nan
598,2018-01-08,1.5336,1.5336,0.01,开放申购,开放赎回,nan
599,2018-01-09,1.5693,1.5693,2.33,开放申购,开放赎回,nan
600,2018-01-10,1.5895,1.5895,1.29,开放申购,开放赎回,nan
601,2018-01-11,1.5755,1.5755,-0.88,开放申购,开放赎回,nan
602,2018-01-12,1.5919,1.5919,1.04,开放申购,开放赎回,nan
603,2018-01-15,1.5899,1.5899,-0.13,开放申购,开放赎回,nan
604,2018-01-16,1.6044,1.6044,0.91,开放申购,开放赎回,nan
605,2018-01-17,1.5705,1.5705,-2.11,开放申购,开放赎回,nan
606,2018-01-18,1.5792,1.5792,0.55,开放申购,开放赎回,nan
607,2018-01-19,1.5634,1.5634,-1.0,开放申购,开放赎回,nan
608,2018-01-22,1.6055,1.6055,2.69,开放申购,开放赎回,nan
609,2018-01-23,1.6053,1.6053,-0.01,开放申购,开放赎回,nan
610,2018-01-24,1.5856,1.5856,-1.23,开放申购,开放赎回,nan
611,2018-01-25,1.5731,1.5731,-0.79,开放申购,开放赎回,nan
612,2018-01-26,1.5826,1.5826,0.6,开放申购,开放赎回,nan
613,2018-01-29,1.5292,1.5292,-3.37,开放申购,开放赎回,nan
614,2018-01-30,1.5235,1.5235,-0.37,开放申购,开放赎回,nan
615,2018-01-31,1.543,1.543,1.28,开放申购,开放赎回,nan
616,2018-02-01,1.5113,1.5113,-2.05,开放申购,开放赎回,nan
617,2018-02-02,1.5042,1.5042,-0.47,开放申购,开放赎回,nan
618,2018-02-05,1.4588,1.4588,-3.02,开放申购,开放赎回,nan
619,2018-02-06,1.4268,1.4268,-2.19,开放申购,开放赎回,nan
620,2018-02-07,1.3901,1.3901,-2.57,开放申购,开放赎回,nan
621,2018-02-08,1.4114,1.4114,1.53,开放申购,开放赎回,nan
622,2018-02-09,1.3886,1.3886,-1.62,开放申购,开放赎回,nan
623,2018-02-12,1.4255,1.4255,2.66,开放申购,开放赎回,nan
624,2018-02-13,1.4308,1.4308,0.37,开放申购,开放赎回,nan
625,2018-02-14,1.4415,1.4415,0.75,开放申购,开放赎回,nan
626,2018-02-22,1.487,1.487,3.16,开放申购,开放赎回,nan
627,2018-02-23,1.4815,1.4815,-0.37,开放申购,开放赎回,nan
628,2018-02-26,1.4848,1.4848,0.22,开放申购,开放赎回,nan
629,2018-02-27,1.4668,1.4668,-1.21,开放申购,开放赎回,nan
630,2018-02-28,1.438,1.438,-1.96,开放申购,开放赎回,nan
631,2018-03-01,1.4521,1.4521,0.98,开放申购,开放赎回,nan
632,2018-03-02,1.4446,1.4446,-0.52,开放申购,开放赎回,nan
633,2018-03-05,1.4307,1.4307,-0.96,开放申购,开放赎回,nan
634,2018-03-06,1.4394,1.4394,0.61,开放申购,开放赎回,nan
635,2018-03-07,1.4298,1.4298,-0.67,开放申购,开放赎回,nan
636,2018-03-08,1.4553,1.4553,1.78,开放申购,开放赎回,nan
637,2018-03-09,1.4669,1.4669,0.8,开放申购,开放赎回,nan
638,2018-03-12,1.4637,1.4637,-0.22,开放申购,开放赎回,nan
639,2018-03-13,1.4479,1.4479,-1.08,开放申购,开放赎回,nan
640,2018-03-14,1.4585,1.4585,0.73,开放申购,开放赎回,nan
641,2018-03-15,1.4811,1.4811,1.55,开放申购,开放赎回,nan
642,2018-03-16,1.4638,1.4638,-1.17,开放申购,开放赎回,nan
643,2018-03-19,1.4684,1.4684,0.31,开放申购,开放赎回,nan
644,2018-03-20,1.4599,1.4599,-0.58,开放申购,开放赎回,nan
645,2018-03-21,1.4529,1.4529,-0.48,开放申购,开放赎回,nan
646,2018-03-22,1.4226,1.4226,-2.09,开放申购,开放赎回,nan
647,2018-03-23,1.3938,1.3938,-2.02,开放申购,开放赎回,nan
648,2018-03-26,1.3894,1.3894,-0.32,开放申购,开放赎回,nan
649,2018-03-27,1.3973,1.3973,0.57,开放申购,开放赎回,nan
650,2018-03-28,1.3493,1.3493,-3.44,开放申购,开放赎回,nan
651,2018-03-29,1.3854,1.3854,2.68,开放申购,开放赎回,nan
652,2018-03-30,1.3874,1.3874,0.14,开放申购,开放赎回,nan
653,2018-04-02,1.3832,1.3832,-0.3,开放申购,开放赎回,nan
654,2018-04-03,1.3932,1.3932,0.72,开放申购,开放赎回,nan
655,2018-04-04,1.43,1.43,2.64,开放申购,开放赎回,nan
656,2018-04-09,1.4222,1.4222,-0.55,开放申购,开放赎回,nan
657,2018-04-10,1.4331,1.4331,0.77,开放申购,开放赎回,nan
658,2018-04-11,1.4384,1.4384,0.37,开放申购,开放赎回,nan
659,2018-04-12,1.43,1.43,-0.58,开放申购,开放赎回,nan
660,2018-04-13,1.4139,1.4139,-1.13,开放申购,开放赎回,nan
661,2018-04-16,1.4122,1.4122,-0.12,开放申购,开放赎回,nan
662,2018-04-17,1.3925,1.3925,-1.4,开放申购,开放赎回,nan
663,2018-04-18,1.3905,1.3905,-0.14,开放申购,开放赎回,nan
664,2018-04-19,1.4201,1.4201,2.13,开放申购,开放赎回,nan
665,2018-04-20,1.4043,1.4043,-1.11,开放申购,开放赎回,nan
666,2018-04-23,1.3999,1.3999,-0.31,开放申购,开放赎回,nan
667,2018-04-24,1.4335,1.4335,2.4,开放申购,开放赎回,nan
668,2018-04-25,1.4373,1.4373,0.27,开放申购,开放赎回,nan
669,2018-04-26,1.4046,1.4046,-2.28,开放申购,开放赎回,nan
670,2018-04-27,1.3836,1.3836,-1.5,开放申购,开放赎回,nan
671,2018-05-02,1.3995,1.3995,1.15,开放申购,开放赎回,nan
672,2018-05-03,1.4201,1.4201,1.47,开放申购,开放赎回,nan
673,2018-05-04,1.4202,1.4202,0.01,开放申购,开放赎回,nan
674,2018-05-07,1.4785,1.4785,4.11,开放申购,开放赎回,nan
675,2018-05-08,1.4946,1.4946,1.09,开放申购,开放赎回,nan
676,2018-05-09,1.4927,1.4927,-0.13,开放申购,开放赎回,nan
677,2018-05-10,1.5103,1.5103,1.18,开放申购,开放赎回,nan
678,2018-05-11,1.5015,1.5015,-0.58,开放申购,开放赎回,nan
679,2018-05-14,1.5265,1.5265,1.67,开放申购,开放赎回,nan
680,2018-05-15,1.5429,1.5429,1.07,开放申购,开放赎回,nan
681,2018-05-16,1.555,1.555,0.78,开放申购,开放赎回,nan
682,2018-05-17,1.5274,1.5274,-1.77,开放申购,开放赎回,nan
683,2018-05-18,1.5367,1.5367,0.61,开放申购,开放赎回,nan
684,2018-05-21,1.5374,1.5374,0.05,开放申购,开放赎回,nan
685,2018-05-22,1.5467,1.5467,0.6,开放申购,开放赎回,nan
686,2018-05-23,1.521,1.521,-1.66,开放申购,开放赎回,nan
687,2018-05-24,1.5056,1.5056,-1.01,开放申购,开放赎回,nan
688,2018-05-25,1.5161,1.5161,0.7,开放申购,开放赎回,nan
689,2018-05-28,1.5687,1.5687,3.47,开放申购,开放赎回,nan
690,2018-05-29,1.5553,1.5553,-0.85,开放申购,开放赎回,nan
691,2018-05-30,1.5658,1.5658,0.68,开放申购,开放赎回,nan
692,2018-05-31,1.6237,1.6237,3.7,开放申购,开放赎回,nan
693,2018-06-01,1.5903,1.5903,-2.06,开放申购,开放赎回,nan
694,2018-06-04,1.6276,1.6276,2.35,开放申购,开放赎回,nan
695,2018-06-05,1.6493,1.6493,1.33,开放申购,开放赎回,nan
696,2018-06-06,1.6471,1.6471,-0.13,开放申购,开放赎回,nan
697,2018-06-07,1.6322,1.6322,-0.9,开放申购,开放赎回,nan
698,2018-06-08,1.6181,1.6181,-0.86,开放申购,开放赎回,nan
699,2018-06-11,1.6028,1.6028,-0.95,开放申购,开放赎回,nan
700,2018-06-12,1.6579,1.6579,3.44,开放申购,开放赎回,nan
701,2018-06-13,1.6342,1.6342,-1.43,开放申购,开放赎回,nan
702,2018-06-14,1.6116,1.6116,-1.38,开放申购,开放赎回,nan
703,2018-06-15,1.5936,1.5936,-1.12,开放申购,开放赎回,nan
704,2018-06-19,1.525,1.525,-4.3,开放申购,开放赎回,nan
705,2018-06-20,1.5645,1.5645,2.59,开放申购,开放赎回,nan
706,2018-06-21,1.5458,1.5458,-1.2,开放申购,开放赎回,nan
707,2018-06-22,1.5542,1.5542,0.54,开放申购,开放赎回,nan
708,2018-06-25,1.4879,1.566,0.76,开放申购,开放赎回,每份派现金0.0781元
709,2018-06-26,1.4816,1.5597,-0.42,开放申购,开放赎回,nan
710,2018-06-27,1.4263,1.5044,-3.73,开放申购,开放赎回,nan
711,2018-06-28,1.3971,1.4752,-2.05,开放申购,开放赎回,nan
712,2018-06-29,1.4355,1.5136,2.75,开放申购,开放赎回,nan
713,2018-06-30,1.4355,1.5136,,开放申购,开放赎回,nan
714,2018-07-02,1.419,1.4971,-1.15,开放申购,开放赎回,nan
715,2018-07-03,1.393,1.4711,-1.83,开放申购,开放赎回,nan
716,2018-07-04,1.3809,1.459,-0.87,开放申购,开放赎回,nan
717,2018-07-05,1.3667,1.4448,-1.03,开放申购,开放赎回,nan
718,2018-07-06,1.3809,1.459,1.04,开放申购,开放赎回,nan
719,2018-07-09,1.4212,1.4993,2.92,开放申购,开放赎回,nan
720,2018-07-10,1.4228,1.5009,0.11,开放申购,开放赎回,nan
721,2018-07-11,1.4037,1.4818,-1.34,开放申购,开放赎回,nan
722,2018-07-12,1.4393,1.5174,2.54,开放申购,开放赎回,nan
723,2018-07-13,1.4685,1.5466,2.03,开放申购,开放赎回,nan
724,2018-07-16,1.4671,1.5452,-0.1,开放申购,开放赎回,nan
725,2018-07-17,1.4502,1.5283,-1.15,开放申购,开放赎回,nan
726,2018-07-18,1.4414,1.5195,-0.61,开放申购,开放赎回,nan
727,2018-07-19,1.4296,1.5077,-0.82,开放申购,开放赎回,nan
728,2018-07-20,1.4351,1.5132,0.38,开放申购,开放赎回,nan
729,2018-07-23,1.4161,1.4942,-1.32,开放申购,开放赎回,nan
730,2018-07-24,1.4492,1.5273,2.34,开放申购,开放赎回,nan
731,2018-07-25,1.445,1.5231,-0.29,开放申购,开放赎回,nan
732,2018-07-26,1.4291,1.5072,-1.1,开放申购,开放赎回,nan
733,2018-07-27,1.4427,1.5208,0.95,开放申购,开放赎回,nan
734,2018-07-30,1.4167,1.4948,-1.8,开放申购,开放赎回,nan
735,2018-07-31,1.4212,1.4993,0.32,开放申购,开放赎回,nan
736,2018-08-01,1.3963,1.4744,-1.75,开放申购,开放赎回,nan
737,2018-08-02,1.3634,1.4415,-2.36,开放申购,开放赎回,nan
738,2018-08-03,1.3303,1.4084,-2.43,开放申购,开放赎回,nan
739,2018-08-06,1.2979,1.376,-2.44,开放申购,开放赎回,nan
740,2018-08-07,1.3303,1.4084,2.5,开放申购,开放赎回,nan
741,2018-08-08,1.3012,1.3793,-2.19,开放申购,开放赎回,nan
742,2018-08-09,1.337,1.4151,2.75,开放申购,开放赎回,nan
743,2018-08-10,1.3403,1.4184,0.25,开放申购,开放赎回,nan
744,2018-08-13,1.3276,1.4057,-0.95,开放申购,开放赎回,nan
745,2018-08-14,1.3295,1.4076,0.14,开放申购,开放赎回,nan
746,2018-08-15,1.292,1.3701,-2.82,开放申购,开放赎回,nan
747,2018-08-16,1.2654,1.3435,-2.06,开放申购,开放赎回,nan
748,2018-08-17,1.2436,1.3217,-1.72,开放申购,开放赎回,nan
749,2018-08-20,1.2515,1.3296,0.64,开放申购,开放赎回,nan
750,2018-08-21,1.2921,1.3702,3.24,开放申购,开放赎回,nan
751,2018-08-22,1.2815,1.3596,-0.82,开放申购,开放赎回,nan
752,2018-08-23,1.2873,1.3654,0.45,开放申购,开放赎回,nan
753,2018-08-24,1.2756,1.3537,-0.91,开放申购,开放赎回,nan
754,2018-08-27,1.3183,1.3964,3.35,开放申购,开放赎回,nan
755,2018-08-28,1.3105,1.3886,-0.59,开放申购,开放赎回,nan
756,2018-08-29,1.3039,1.382,-0.5,开放申购,开放赎回,nan
757,2018-08-30,1.2932,1.3713,-0.82,开放申购,开放赎回,nan
758,2018-08-31,1.2701,1.3482,-1.79,开放申购,开放赎回,nan
759,2018-09-03,1.2668,1.3449,-0.26,开放申购,开放赎回,nan
760,2018-09-04,1.2773,1.3554,0.83,开放申购,开放赎回,nan
761,2018-09-05,1.2566,1.3347,-1.62,开放申购,开放赎回,nan
762,2018-09-06,1.2288,1.3069,-2.21,开放申购,开放赎回,nan
763,2018-09-07,1.2421,1.3202,1.08,开放申购,开放赎回,nan
764,2018-09-10,1.2307,1.3088,-0.92,开放申购,开放赎回,nan
765,2018-09-11,1.2346,1.3127,0.32,开放申购,开放赎回,nan
766,2018-09-12,1.2153,1.2934,-1.56,开放申购,开放赎回,nan
767,2018-09-13,1.2204,1.2985,0.42,开放申购,开放赎回,nan
768,2018-09-14,1.2347,1.3128,1.17,开放申购,开放赎回,nan
769,2018-09-17,1.2345,1.3126,-0.02,开放申购,开放赎回,nan
770,2018-09-18,1.2594,1.3375,2.02,开放申购,开放赎回,nan
771,2018-09-19,1.2862,1.3643,2.13,开放申购,开放赎回,nan
772,2018-09-20,1.2857,1.3638,-0.04,开放申购,开放赎回,nan
773,2018-09-21,1.3288,1.4069,3.35,开放申购,开放赎回,nan
774,2018-09-25,1.3186,1.3967,-0.77,开放申购,开放赎回,nan
775,2018-09-26,1.3544,1.4325,2.72,开放申购,开放赎回,nan
776,2018-09-27,1.3519,1.43,-0.18,开放申购,开放赎回,nan
777,2018-09-28,1.362,1.4401,0.75,开放申购,开放赎回,nan
778,2018-10-08,1.2953,1.3734,-4.9,开放申购,开放赎回,nan
779,2018-10-09,1.301,1.3791,0.44,开放申购,开放赎回,nan
780,2018-10-10,1.2748,1.3529,-2.01,开放申购,开放赎回,nan
781,2018-10-11,1.2269,1.305,-3.76,开放申购,开放赎回,nan
782,2018-10-12,1.2555,1.3336,2.33,开放申购,开放赎回,nan
783,2018-10-15,1.2321,1.3102,-1.86,开放申购,开放赎回,nan
784,2018-10-16,1.2251,1.3032,-0.57,开放申购,开放赎回,nan
785,2018-10-17,1.216,1.2941,-0.74,开放申购,开放赎回,nan
786,2018-10-18,1.1918,1.2699,-1.99,开放申购,开放赎回,nan
787,2018-10-19,1.2318,1.3099,3.36,开放申购,开放赎回,nan
788,2018-10-22,1.2899,1.368,4.72,开放申购,开放赎回,nan
789,2018-10-23,1.2261,1.3042,-4.95,开放申购,开放赎回,nan
790,2018-10-24,1.195,1.2731,-2.54,开放申购,开放赎回,nan
791,2018-10-25,1.1723,1.2504,-1.9,开放申购,开放赎回,nan
792,2018-10-26,1.1407,1.2188,-2.7,开放申购,开放赎回,nan
793,2018-10-29,1.0627,1.1408,-6.84,开放申购,开放赎回,nan
794,2018-10-30,1.0625,1.1406,-0.02,开放申购,开放赎回,nan
795,2018-10-31,1.0982,1.1763,3.36,开放申购,开放赎回,nan
796,2018-11-01,1.1148,1.1929,1.51,开放申购,开放赎回,nan
797,2018-11-02,1.1705,1.2486,5.0,开放申购,开放赎回,nan
798,2018-11-05,1.1474,1.2255,-1.97,开放申购,开放赎回,nan
799,2018-11-06,1.137,1.2151,-0.91,开放申购,开放赎回,nan
800,2018-11-07,1.1416,1.2197,0.4,开放申购,开放赎回,nan
801,2018-11-08,1.1406,1.2187,-0.09,开放申购,开放赎回,nan
802,2018-11-09,1.1356,1.2137,-0.44,开放申购,开放赎回,nan
803,2018-11-12,1.1397,1.2178,0.36,开放申购,开放赎回,nan
804,2018-11-13,1.166,1.2441,2.31,开放申购,开放赎回,nan
805,2018-11-14,1.1481,1.2262,-1.54,开放申购,开放赎回,nan
806,2018-11-15,1.157,1.2351,0.78,开放申购,开放赎回,nan
807,2018-11-16,1.1593,1.2374,0.2,开放申购,开放赎回,nan
808,2018-11-19,1.1722,1.2503,1.11,开放申购,开放赎回,nan
809,2018-11-20,1.1471,1.2252,-2.14,开放申购,开放赎回,nan
810,2018-11-21,1.1579,1.236,0.94,开放申购,开放赎回,nan
811,2018-11-22,1.1553,1.2334,-0.22,开放申购,开放赎回,nan
812,2018-11-23,1.1295,1.2076,-2.23,开放申购,开放赎回,nan
813,2018-11-26,1.124,1.2021,-0.49,开放申购,开放赎回,nan
814,2018-11-27,1.1212,1.1993,-0.25,开放申购,开放赎回,nan
815,2018-11-28,1.138,1.2161,1.5,开放申购,开放赎回,nan
816,2018-11-29,1.1323,1.2104,-0.5,开放申购,开放赎回,nan
817,2018-11-30,1.1539,1.232,1.91,开放申购,开放赎回,nan
818,2018-12-03,1.1993,1.2774,3.93,开放申购,开放赎回,nan
819,2018-12-04,1.2023,1.2804,0.25,开放申购,开放赎回,nan
820,2018-12-05,1.203,1.2811,0.06,开放申购,开放赎回,nan
821,2018-12-06,1.1737,1.2518,-2.44,开放申购,开放赎回,nan
822,2018-12-07,1.177,1.2551,0.28,开放申购,开放赎回,nan
823,2018-12-10,1.1633,1.2414,-1.16,开放申购,开放赎回,nan
824,2018-12-11,1.1744,1.2525,0.95,开放申购,开放赎回,nan
825,2018-12-12,1.1839,1.262,0.81,开放申购,开放赎回,nan
826,2018-12-13,1.2048,1.2829,1.77,开放申购,开放赎回,nan
827,2018-12-14,1.1881,1.2662,-1.39,开放申购,开放赎回,nan
828,2018-12-17,1.1792,1.2573,-0.75,开放申购,开放赎回,nan
829,2018-12-18,1.1714,1.2495,-0.66,开放申购,开放赎回,nan
830,2018-12-19,1.1517,1.2298,-1.68,开放申购,开放赎回,nan
831,2018-12-20,1.1488,1.2269,-0.25,开放申购,开放赎回,nan
832,2018-12-21,1.1359,1.214,-1.12,开放申购,开放赎回,nan
833,2018-12-24,1.1468,1.2249,0.96,开放申购,开放赎回,nan
834,2018-12-25,1.1433,1.2214,-0.31,开放申购,开放赎回,nan
835,2018-12-26,1.1344,1.2125,-0.78,开放申购,开放赎回,nan
836,2018-12-27,1.1328,1.2109,-0.14,开放申购,开放赎回,nan
837,2018-12-28,1.1485,1.2266,1.39,开放申购,开放赎回,nan
838,2018-12-31,1.1484,1.2265,,开放申购,开放赎回,nan
839,2019-01-02,1.1335,1.2116,-1.31,开放申购,开放赎回,nan
840,2019-01-03,1.1107,1.1888,-2.01,开放申购,开放赎回,nan
841,2019-01-04,1.1301,1.2082,1.75,开放申购,开放赎回,nan
842,2019-01-07,1.1404,1.2185,0.91,开放申购,开放赎回,nan
843,2019-01-08,1.1361,1.2142,-0.38,开放申购,开放赎回,nan
844,2019-01-09,1.151,1.2291,1.31,开放申购,开放赎回,nan
845,2019-01-10,1.1466,1.2247,-0.38,开放申购,开放赎回,nan
846,2019-01-11,1.1618,1.2399,1.33,开放申购,开放赎回,nan
847,2019-01-14,1.1479,1.226,-1.2,开放申购,开放赎回,nan
848,2019-01-15,1.2011,1.2792,4.63,开放申购,开放赎回,nan
849,2019-01-16,1.1978,1.2759,-0.27,开放申购,开放赎回,nan
850,2019-01-17,1.1964,1.2745,-0.12,开放申购,开放赎回,nan
851,2019-01-18,1.2163,1.2944,1.66,开放申购,开放赎回,nan
852,2019-01-21,1.2335,1.3116,1.41,开放申购,开放赎回,nan
853,2019-01-22,1.2161,1.2942,-1.41,开放申购,开放赎回,nan
854,2019-01-23,1.216,1.2941,-0.01,开放申购,开放赎回,nan
855,2019-01-24,1.2239,1.302,0.65,开放申购,开放赎回,nan
856,2019-01-25,1.2275,1.3056,0.29,开放申购,开放赎回,nan
857,2019-01-28,1.2321,1.3102,0.37,开放申购,开放赎回,nan
858,2019-01-29,1.2358,1.3139,0.3,开放申购,开放赎回,nan
859,2019-01-30,1.2154,1.2935,-1.65,开放申购,开放赎回,nan
860,2019-01-31,1.2219,1.3,0.53,开放申购,开放赎回,nan
861,2019-02-01,1.244,1.3221,1.81,开放申购,开放赎回,nan
862,2019-02-11,1.2878,1.3659,3.52,开放申购,开放赎回,nan
863,2019-02-12,1.2898,1.3679,0.16,开放申购,开放赎回,nan
864,2019-02-13,1.3042,1.3823,1.12,开放申购,开放赎回,nan
865,2019-02-14,1.327,1.4051,1.75,开放申购,开放赎回,nan
866,2019-02-15,1.3036,1.3817,-1.76,开放申购,开放赎回,nan
867,2019-02-18,1.3424,1.4205,2.98,开放申购,开放赎回,nan
868,2019-02-19,1.3295,1.4076,-0.96,开放申购,开放赎回,nan
869,2019-02-20,1.3226,1.4007,-0.52,开放申购,开放赎回,nan
870,2019-02-21,1.3137,1.3918,-0.67,开放申购,开放赎回,nan
871,2019-02-22,1.3231,1.4012,0.72,开放申购,开放赎回,nan
872,2019-02-25,1.3663,1.4444,3.27,开放申购,开放赎回,nan
873,2019-02-26,1.3454,1.4235,-1.53,开放申购,开放赎回,nan
874,2019-02-27,1.3616,1.4397,1.2,开放申购,开放赎回,nan
875,2019-02-28,1.3757,1.4538,1.04,开放申购,开放赎回,nan
876,2019-03-01,1.4143,1.4924,2.81,开放申购,开放赎回,nan
877,2019-03-04,1.4313,1.5094,1.2,开放申购,开放赎回,nan
878,2019-03-05,1.4333,1.5114,0.14,开放申购,开放赎回,nan
879,2019-03-06,1.4257,1.5038,-0.53,开放申购,开放赎回,nan
880,2019-03-07,1.4013,1.4794,-1.71,开放申购,开放赎回,nan
881,2019-03-08,1.3683,1.4464,-2.36,开放申购,开放赎回,nan
882,2019-03-11,1.4091,1.4872,2.98,开放申购,开放赎回,nan
883,2019-03-12,1.4103,1.4884,0.09,开放申购,开放赎回,nan
884,2019-03-13,1.402,1.4801,-0.59,开放申购,开放赎回,nan
885,2019-03-14,1.4068,1.4849,0.34,开放申购,开放赎回,nan
886,2019-03-15,1.4344,1.5125,1.96,开放申购,开放赎回,nan
887,2019-03-18,1.5234,1.6015,6.2,开放申购,开放赎回,nan
888,2019-03-19,1.5035,1.5816,-1.31,开放申购,开放赎回,nan
889,2019-03-20,1.5094,1.5875,0.39,开放申购,开放赎回,nan
890,2019-03-21,1.5022,1.5803,-0.48,开放申购,开放赎回,nan
891,2019-03-22,1.5169,1.595,0.98,开放申购,开放赎回,nan
892,2019-03-25,1.4799,1.558,-2.44,开放申购,开放赎回,nan
893,2019-03-26,1.4821,1.5602,0.15,开放申购,开放赎回,nan
894,2019-03-27,1.5262,1.6043,2.98,开放申购,开放赎回,nan
895,2019-03-28,1.5368,1.6149,0.69,开放申购,开放赎回,nan
896,2019-03-29,1.5985,1.6766,4.01,开放申购,开放赎回,nan
897,2019-04-01,1.6245,1.7026,1.63,开放申购,开放赎回,nan
898,2019-04-02,1.6061,1.6842,-1.13,开放申购,开放赎回,nan
899,2019-04-03,1.6054,1.6835,-0.04,开放申购,开放赎回,nan
900,2019-04-04,1.6338,1.7119,1.77,开放申购,开放赎回,nan
901,2019-04-08,1.6374,1.7155,0.22,开放申购,开放赎回,nan
902,2019-04-09,1.6703,1.7484,2.01,开放申购,开放赎回,nan
903,2019-04-10,1.6886,1.7667,1.1,开放申购,开放赎回,nan
904,2019-04-11,1.621,1.6991,-4.0,开放申购,开放赎回,nan
905,2019-04-12,1.6191,1.6972,-0.12,开放申购,开放赎回,nan
906,2019-04-15,1.6042,1.6823,-0.92,开放申购,开放赎回,nan
907,2019-04-16,1.6304,1.7085,1.63,开放申购,开放赎回,nan
908,2019-04-17,1.6418,1.7199,0.7,开放申购,开放赎回,nan
909,2019-04-18,1.6492,1.7273,0.45,开放申购,开放赎回,nan
910,2019-04-19,1.6514,1.7295,0.13,开放申购,开放赎回,nan
911,2019-04-22,1.6386,1.7167,-0.78,开放申购,开放赎回,nan
912,2019-04-23,1.6574,1.7355,1.15,开放申购,开放赎回,nan
913,2019-04-24,1.6556,1.7337,-0.11,开放申购,开放赎回,nan
914,2019-04-25,1.6267,1.7048,-1.75,开放申购,开放赎回,nan
915,2019-04-26,1.6257,1.7038,-0.06,开放申购,开放赎回,nan
916,2019-04-29,1.641,1.7191,0.94,开放申购,开放赎回,nan
917,2019-04-30,1.6548,1.7329,0.84,开放申购,开放赎回,nan
918,2019-05-06,1.5562,1.6343,-5.96,开放申购,开放赎回,nan
919,2019-05-07,1.6057,1.6838,3.18,开放申购,开放赎回,nan
920,2019-05-08,1.5918,1.6699,-0.87,开放申购,开放赎回,nan
921,2019-05-09,1.5387,1.6168,-3.34,开放申购,开放赎回,nan
922,2019-05-10,1.6066,1.6847,4.41,开放申购,开放赎回,nan
923,2019-05-13,1.6151,1.6932,0.53,开放申购,开放赎回,nan
924,2019-05-14,1.5997,1.6778,-0.95,开放申购,开放赎回,nan
925,2019-05-15,1.6794,1.7575,4.98,开放申购,开放赎回,nan
926,2019-05-16,1.6931,1.7712,0.82,开放申购,开放赎回,nan
927,2019-05-17,1.6511,1.7292,-2.48,开放申购,开放赎回,nan
928,2019-05-20,1.6185,1.6966,-1.97,开放申购,开放赎回,nan
929,2019-05-21,1.6327,1.7108,0.88,开放申购,开放赎回,nan
930,2019-05-22,1.6234,1.7015,-0.57,开放申购,开放赎回,nan
931,2019-05-23,1.5812,1.6593,-2.6,开放申购,开放赎回,nan
932,2019-05-24,1.5932,1.6713,0.76,开放申购,开放赎回,nan
933,2019-05-27,1.6053,1.6834,0.76,开放申购,开放赎回,nan
934,2019-05-28,1.6252,1.7033,1.24,开放申购,开放赎回,nan
935,2019-05-29,1.6294,1.7075,0.26,开放申购,开放赎回,nan
936,2019-05-30,1.6278,1.7059,-0.1,开放申购,开放赎回,nan
937,2019-05-31,1.6151,1.6932,-0.78,开放申购,开放赎回,nan
938,2019-06-03,1.615,1.6931,-0.01,开放申购,开放赎回,nan
939,2019-06-04,1.5826,1.6607,-2.01,开放申购,开放赎回,nan
940,2019-06-05,1.5836,1.6617,0.06,开放申购,开放赎回,nan
941,2019-06-06,1.5664,1.6445,-1.09,开放申购,开放赎回,nan
942,2019-06-10,1.5966,1.6747,1.93,开放申购,开放赎回,nan
943,2019-06-11,1.6683,1.7464,4.49,开放申购,开放赎回,nan
944,2019-06-12,1.6483,1.7264,-1.2,开放申购,开放赎回,nan
945,2019-06-13,1.6437,1.7218,-0.28,开放申购,开放赎回,nan
946,2019-06-14,1.6299,1.708,-0.84,开放申购,开放赎回,nan
947,2019-06-17,1.6215,1.6996,-0.52,开放申购,开放赎回,nan
948,2019-06-18,1.6229,1.701,0.09,开放申购,开放赎回,nan
949,2019-06-19,1.6401,1.7182,1.06,开放申购,开放赎回,nan
950,2019-06-20,1.6951,1.7732,3.35,开放申购,开放赎回,nan
951,2019-06-21,1.6997,1.7778,0.27,开放申购,开放赎回,nan
952,2019-06-24,1.7195,1.7976,1.16,开放申购,开放赎回,nan
953,2019-06-25,1.7186,1.7967,-0.05,开放申购,开放赎回,nan
954,2019-06-26,1.7214,1.7995,0.16,开放申购,开放赎回,nan
955,2019-06-27,1.7555,1.8336,1.98,开放申购,开放赎回,nan
956,2019-06-28,1.7587,1.8368,0.18,开放申购,开放赎回,nan
957,2019-06-30,1.7587,1.8368,,开放申购,开放赎回,nan
958,2019-07-01,1.8277,1.9058,3.92,开放申购,开放赎回,nan
959,2019-07-02,1.8346,1.9127,0.38,开放申购,开放赎回,nan
960,2019-07-03,1.8068,1.8849,-1.52,开放申购,开放赎回,nan
961,2019-07-04,1.7726,1.8507,-1.89,开放申购,开放赎回,nan
962,2019-07-05,1.8047,1.8828,1.81,开放申购,开放赎回,nan
963,2019-07-08,1.7689,1.847,-1.98,开放申购,开放赎回,nan
964,2019-07-09,1.775,1.8531,0.34,开放申购,开放赎回,nan
965,2019-07-10,1.7748,1.8529,-0.01,开放申购,开放赎回,nan
966,2019-07-11,1.7669,1.845,-0.45,开放申购,开放赎回,nan
967,2019-07-12,1.7807,1.8588,0.78,开放申购,开放赎回,nan
968,2019-07-15,1.7704,1.8485,-0.58,开放申购,开放赎回,nan
969,2019-07-16,1.7465,1.8246,-1.35,开放申购,开放赎回,nan
970,2019-07-17,1.7409,1.819,-0.32,开放申购,开放赎回,nan
971,2019-07-18,1.719,1.7971,-1.26,开放申购,开放赎回,nan
972,2019-07-19,1.7306,1.8087,0.67,开放申购,开放赎回,nan
973,2019-07-22,1.7462,1.8243,0.9,开放申购,开放赎回,nan
974,2019-07-23,1.7304,1.8085,-0.9,开放申购,开放赎回,nan
975,2019-07-24,1.7324,1.8105,0.12,开放申购,开放赎回,nan
976,2019-07-25,1.7474,1.8255,0.87,开放申购,开放赎回,nan
977,2019-07-26,1.7481,1.8262,0.04,开放申购,开放赎回,nan
978,2019-07-29,1.7597,1.8378,0.66,开放申购,开放赎回,nan
979,2019-07-30,1.7531,1.8312,-0.38,开放申购,开放赎回,nan
980,2019-07-31,1.7262,1.8043,-1.53,开放申购,开放赎回,nan
981,2019-08-01,1.7046,1.7827,-1.25,开放申购,开放赎回,nan
982,2019-08-02,1.6919,1.77,-0.75,开放申购,开放赎回,nan
983,2019-08-05,1.6624,1.7405,-1.74,开放申购,开放赎回,nan
984,2019-08-06,1.6563,1.7344,-0.37,开放申购,开放赎回,nan
985,2019-08-07,1.6499,1.728,-0.39,开放申购,开放赎回,nan
986,2019-08-08,1.6742,1.7523,1.47,开放申购,开放赎回,nan
987,2019-08-09,1.6522,1.7303,-1.31,开放申购,开放赎回,nan
988,2019-08-12,1.6888,1.7669,2.22,开放申购,开放赎回,nan
989,2019-08-13,1.6834,1.7615,-0.32,开放申购,开放赎回,nan
990,2019-08-14,1.7081,1.7862,1.47,开放申购,开放赎回,nan
991,2019-08-15,1.7044,1.7825,-0.22,开放申购,开放赎回,nan
992,2019-08-16,1.733,1.8111,1.68,开放申购,开放赎回,nan
993,2019-08-19,1.7536,1.8317,1.19,开放申购,开放赎回,nan
994,2019-08-20,1.7628,1.8409,0.52,开放申购,开放赎回,nan
995,2019-08-21,1.7473,1.8254,-0.88,开放申购,开放赎回,nan
996,2019-08-22,1.7724,1.8505,1.44,开放申购,开放赎回,nan
997,2019-08-23,1.7844,1.8625,0.68,开放申购,开放赎回,nan
998,2019-08-26,1.7563,1.8344,-1.57,开放申购,开放赎回,nan
999,2019-08-27,1.7843,1.8624,1.59,开放申购,开放赎回,nan
1000,2019-08-28,1.795,1.8731,0.6,开放申购,开放赎回,nan
1001,2019-08-29,1.8025,1.8806,0.42,开放申购,开放赎回,nan
1002,2019-08-30,1.8301,1.9082,1.53,开放申购,开放赎回,nan
1003,2019-09-02,1.8348,1.9129,0.26,开放申购,开放赎回,nan
1004,2019-09-03,1.8263,1.9044,-0.46,开放申购,开放赎回,nan
1005,2019-09-04,1.8111,1.8892,-0.83,开放申购,开放赎回,nan
1006,2019-09-05,1.8202,1.8983,0.5,开放申购,开放赎回,nan
1007,2019-09-06,1.8212,1.8993,0.05,开放申购,开放赎回,nan
1008,2019-09-09,1.8255,1.9036,0.24,开放申购,开放赎回,nan
1009,2019-09-10,1.825,1.9031,-0.03,开放申购,开放赎回,nan
1010,2019-09-11,1.7714,1.8495,-2.94,开放申购,开放赎回,nan
1011,2019-09-12,1.7896,1.8677,1.03,开放申购,开放赎回,nan
1012,2019-09-16,1.784,1.8621,-0.31,开放申购,开放赎回,nan
1013,2019-09-17,1.7708,1.8489,-0.74,开放申购,开放赎回,nan
1014,2019-09-18,1.8147,1.8928,2.48,开放申购,开放赎回,nan
1015,2019-09-19,1.8097,1.8878,-0.28,开放申购,开放赎回,nan
1016,2019-09-20,1.8209,1.899,0.62,开放申购,开放赎回,nan
1017,2019-09-23,1.7989,1.877,-1.21,开放申购,开放赎回,nan
1018,2019-09-24,1.8199,1.898,1.17,开放申购,开放赎回,nan
1019,2019-09-25,1.8117,1.8898,-0.45,开放申购,开放赎回,nan
1020,2019-09-26,1.7926,1.8707,-1.05,开放申购,开放赎回,nan
1021,2019-09-27,1.7903,1.8684,-0.13,开放申购,开放赎回,nan
1022,2019-09-30,1.7754,1.8535,-0.83,开放申购,开放赎回,nan
1023,2019-10-08,1.7866,1.8647,0.63,开放申购,开放赎回,nan
1024,2019-10-09,1.7767,1.8548,-0.55,开放申购,开放赎回,nan
1025,2019-10-10,1.783,1.8611,0.35,开放申购,开放赎回,nan
1026,2019-10-11,1.7884,1.8665,0.3,开放申购,开放赎回,nan
1027,2019-10-14,1.7957,1.8738,0.41,开放申购,开放赎回,nan
1028,2019-10-15,1.8092,1.8873,0.75,开放申购,开放赎回,nan
1029,2019-10-16,1.7862,1.8643,-1.27,开放申购,开放赎回,nan
1030,2019-10-17,1.7884,1.8665,0.12,开放申购,开放赎回,nan
1031,2019-10-18,1.7707,1.8488,-0.99,开放申购,开放赎回,nan
1032,2019-10-21,1.7697,1.8478,-0.06,开放申购,开放赎回,nan
1033,2019-10-22,1.781,1.8591,0.64,开放申购,开放赎回,nan
1034,2019-10-23,1.7623,1.8404,-1.05,开放申购,开放赎回,nan
1035,2019-10-24,1.7368,1.8149,-1.45,开放申购,开放赎回,nan
1036,2019-10-25,1.7617,1.8398,1.43,开放申购,开放赎回,nan
1037,2019-10-28,1.7855,1.8636,1.35,开放申购,开放赎回,nan
1038,2019-10-29,1.8051,1.8832,1.1,开放申购,开放赎回,nan
1039,2019-10-30,1.7917,1.8698,-0.74,开放申购,开放赎回,nan
1040,2019-10-31,1.8018,1.8799,0.56,开放申购,开放赎回,nan
1041,2019-11-01,1.8191,1.8972,0.96,开放申购,开放赎回,nan
1042,2019-11-04,1.8324,1.9105,0.73,开放申购,开放赎回,nan
1043,2019-11-05,1.8451,1.9232,0.69,开放申购,开放赎回,nan
1044,2019-11-06,1.8276,1.9057,-0.95,开放申购,开放赎回,nan
1045,2019-11-07,1.8362,1.9143,0.47,开放申购,开放赎回,nan
1046,2019-11-08,1.843,1.9211,0.37,开放申购,开放赎回,nan
1047,2019-11-11,1.8198,1.8979,-1.26,开放申购,开放赎回,nan
1048,2019-11-12,1.8277,1.9058,0.43,开放申购,开放赎回,nan
1049,2019-11-13,1.8412,1.9193,0.74,开放申购,开放赎回,nan
1050,2019-11-14,1.8492,1.9273,0.43,开放申购,开放赎回,nan
1051,2019-11-15,1.8383,1.9164,-0.59,开放申购,开放赎回,nan
1052,2019-11-18,1.8433,1.9214,0.27,开放申购,开放赎回,nan
1053,2019-11-19,1.8581,1.9362,0.8,开放申购,开放赎回,nan
1054,2019-11-20,1.8604,1.9385,0.12,开放申购,开放赎回,nan
1055,2019-11-21,1.8525,1.9306,-0.42,开放申购,开放赎回,nan
1056,2019-11-22,1.8121,1.8902,-2.18,开放申购,开放赎回,nan
1057,2019-11-25,1.8075,1.8856,-0.25,开放申购,开放赎回,nan
1058,2019-11-26,1.8221,1.9002,0.81,开放申购,开放赎回,nan
1059,2019-11-27,1.8206,1.8987,-0.08,开放申购,开放赎回,nan
1060,2019-11-28,1.8126,1.8907,-0.44,开放申购,开放赎回,nan
1061,2019-11-29,1.7795,1.8576,-1.83,开放申购,开放赎回,nan
1062,2019-12-02,1.7794,1.8575,-0.01,开放申购,开放赎回,nan
1063,2019-12-03,1.7785,1.8566,-0.05,开放申购,开放赎回,nan
1064,2019-12-04,1.7788,1.8569,0.02,开放申购,开放赎回,nan
1065,2019-12-05,1.7841,1.8622,0.3,开放申购,开放赎回,nan
1066,2019-12-06,1.8128,1.8909,1.61,开放申购,开放赎回,nan
1067,2019-12-09,1.8005,1.8786,-0.68,开放申购,开放赎回,nan
1068,2019-12-10,1.8001,1.8782,-0.02,开放申购,开放赎回,nan
1069,2019-12-11,1.7877,1.8658,-0.69,开放申购,开放赎回,nan
1070,2019-12-12,1.7812,1.8593,-0.36,开放申购,开放赎回,nan
1071,2019-12-13,1.8051,1.8832,1.34,开放申购,开放赎回,nan
1072,2019-12-16,1.8013,1.8794,-0.21,开放申购,开放赎回,nan
1073,2019-12-17,1.8168,1.8949,0.86,开放申购,开放赎回,nan
1074,2019-12-18,1.8155,1.8936,-0.07,开放申购,开放赎回,nan
1075,2019-12-19,1.8055,1.8836,-0.55,开放申购,开放赎回,nan
1076,2019-12-20,1.8038,1.8819,-0.09,开放申购,开放赎回,nan
1077,2019-12-23,1.7918,1.8699,-0.67,开放申购,开放赎回,nan
1078,2019-12-24,1.8025,1.8806,0.6,开放申购,开放赎回,nan
1079,2019-12-25,1.7886,1.8667,-0.77,开放申购,开放赎回,nan
1080,2019-12-26,1.7954,1.8735,0.38,开放申购,开放赎回,nan
1081,2019-12-27,1.8101,1.8882,0.82,开放申购,开放赎回,nan
1082,2019-12-30,1.8461,1.9242,1.99,开放申购,开放赎回,nan
1083,2019-12-31,1.8524,1.9305,0.34,开放申购,开放赎回,nan
1084,2020-01-02,1.8493,1.9274,-0.17,开放申购,开放赎回,nan
1085,2020-01-03,1.833,1.9111,-0.88,开放申购,开放赎回,nan
1086,2020-01-06,1.8156,1.8937,-0.95,开放申购,开放赎回,nan
1087,2020-01-07,1.8405,1.9186,1.37,开放申购,开放赎回,nan
1088,2020-01-08,1.8337,1.9118,-0.37,开放申购,开放赎回,nan
1089,2020-01-09,1.8638,1.9419,1.64,开放申购,开放赎回,nan
1090,2020-01-10,1.8865,1.9646,1.22,开放申购,开放赎回,nan
1091,2020-01-13,1.9106,1.9887,1.28,开放申购,开放赎回,nan
1092,2020-01-14,1.8872,1.9653,-1.22,开放申购,开放赎回,nan
1093,2020-01-15,1.8987,1.9768,0.61,开放申购,开放赎回,nan
1094,2020-01-16,1.903,1.9811,0.23,开放申购,开放赎回,nan
1095,2020-01-17,1.8995,1.9776,-0.18,开放申购,开放赎回,nan
1096,2020-01-20,1.8935,1.9716,-0.32,开放申购,开放赎回,nan
1097,2020-01-21,1.8549,1.933,-2.04,开放申购,开放赎回,nan
1098,2020-01-22,1.8553,1.9334,0.02,开放申购,开放赎回,nan
1099,2020-01-23,1.7887,1.8668,-3.59,开放申购,开放赎回,nan
1100,2020-02-03,1.6593,1.7374,-7.23,开放申购,开放赎回,nan
1101,2020-02-04,1.6793,1.7574,1.21,开放申购,开放赎回,nan
1102,2020-02-05,1.6992,1.7773,1.19,开放申购,开放赎回,nan
1103,2020-02-06,1.7297,1.8078,1.8,开放申购,开放赎回,nan
1104,2020-02-07,1.7504,1.8285,1.2,开放申购,开放赎回,nan
1105,2020-02-10,1.755,1.8331,0.26,开放申购,开放赎回,nan
1106,2020-02-11,1.775,1.8531,1.14,开放申购,开放赎回,nan
1107,2020-02-12,1.7812,1.8593,0.35,开放申购,开放赎回,nan
1108,2020-02-13,1.7606,1.8387,-1.16,开放申购,开放赎回,nan
1109,2020-02-14,1.7587,1.8368,-0.11,开放申购,开放赎回,nan
1110,2020-02-17,1.7789,1.857,1.15,开放申购,开放赎回,nan
1111,2020-02-18,1.7726,1.8507,-0.35,开放申购,开放赎回,nan
1112,2020-02-19,1.7911,1.8692,1.04,开放申购,开放赎回,nan
1113,2020-02-20,1.8385,1.9166,2.65,开放申购,开放赎回,nan
1114,2020-02-21,1.8358,1.9139,-0.15,开放申购,开放赎回,nan
1115,2020-02-24,1.8182,1.8963,-0.96,开放申购,开放赎回,nan
1116,2020-02-25,1.8071,1.8852,-0.61,开放申购,开放赎回,nan
1117,2020-02-26,1.7875,1.8656,-1.08,开放申购,开放赎回,nan
1118,2020-02-27,1.8214,1.8995,1.9,开放申购,开放赎回,nan
1119,2020-02-28,1.7577,1.8358,-3.5,开放申购,开放赎回,nan
1120,2020-03-02,1.7998,1.8779,2.4,开放申购,开放赎回,nan
1121,2020-03-03,1.8147,1.8928,0.83,开放申购,开放赎回,nan
1122,2020-03-04,1.8438,1.9219,1.6,开放申购,开放赎回,nan
1123,2020-03-05,1.9155,1.9936,3.89,开放申购,开放赎回,nan
1124,2020-03-06,1.8857,1.9638,-1.56,开放申购,开放赎回,nan
1125,2020-03-09,1.8194,1.8975,-3.52,开放申购,开放赎回,nan
1126,2020-03-10,1.8601,1.9382,2.24,开放申购,开放赎回,nan
1127,2020-03-11,1.856,1.9341,-0.22,开放申购,开放赎回,nan
1128,2020-03-12,1.8176,1.8957,-2.07,开放申购,开放赎回,nan
1129,2020-03-13,1.7942,1.8723,-1.29,开放申购,开放赎回,nan
1130,2020-03-16,1.7335,1.8116,-3.38,开放申购,开放赎回,nan
1131,2020-03-17,1.7163,1.7944,-0.99,开放申购,开放赎回,nan
1132,2020-03-18,1.6867,1.7648,-1.72,开放申购,开放赎回,nan
1133,2020-03-19,1.653,1.7311,-2.0,开放申购,开放赎回,nan
1134,2020-03-20,1.7056,1.7837,3.18,开放申购,开放赎回,nan
1135,2020-03-23,1.6694,1.7475,-2.12,开放申购,开放赎回,nan
1136,2020-03-24,1.7336,1.8117,3.85,开放申购,开放赎回,nan
1137,2020-03-25,1.7674,1.8455,1.95,开放申购,开放赎回,nan
1138,2020-03-26,1.7811,1.8592,0.78,开放申购,开放赎回,nan
1139,2020-03-27,1.808,1.8861,1.51,开放申购,开放赎回,nan
1140,2020-03-30,1.7947,1.8728,-0.74,开放申购,开放赎回,nan
1141,2020-03-31,1.8572,1.9353,3.48,开放申购,开放赎回,nan
1142,2020-04-01,1.8311,1.9092,-1.41,开放申购,开放赎回,nan
1143,2020-04-02,1.8467,1.9248,0.85,开放申购,开放赎回,nan
1144,2020-04-03,1.8552,1.9333,0.46,开放申购,开放赎回,nan
1145,2020-04-07,1.9128,1.9909,3.1,开放申购,开放赎回,nan
1146,2020-04-08,1.8971,1.9752,-0.82,开放申购,开放赎回,nan
1147,2020-04-09,1.9184,1.9965,1.12,开放申购,开放赎回,nan
1148,2020-04-10,1.9137,1.9918,-0.25,开放申购,开放赎回,nan
1149,2020-04-13,1.9105,1.9886,-0.17,开放申购,开放赎回,nan
1150,2020-04-14,1.936,2.0141,1.33,开放申购,开放赎回,nan
1151,2020-04-15,1.9177,1.9958,-0.95,开放申购,开放赎回,nan
1152,2020-04-16,1.91,1.9881,-0.4,开放申购,开放赎回,nan
1153,2020-04-17,1.9168,1.9949,0.36,开放申购,开放赎回,nan
1154,2020-04-20,1.934,2.0121,0.9,开放申购,开放赎回,nan
1155,2020-04-21,1.9116,1.9897,-1.16,开放申购,开放赎回,nan
1156,2020-04-22,1.9639,2.042,2.74,开放申购,开放赎回,nan
1157,2020-04-23,1.9696,2.0477,0.29,开放申购,开放赎回,nan
1158,2020-04-24,1.976,2.0541,0.32,开放申购,开放赎回,nan
1159,2020-04-27,1.9793,2.0574,0.17,开放申购,开放赎回,nan
1160,2020-04-28,2.0151,2.0932,1.81,开放申购,开放赎回,nan
1161,2020-04-29,1.9734,2.0515,-2.07,开放申购,开放赎回,nan
1162,2020-04-30,1.9649,2.043,-0.43,开放申购,开放赎回,nan
1163,2020-05-06,1.9941,2.0722,1.49,开放申购,开放赎回,nan
1164,2020-05-07,2.0205,2.0986,1.32,开放申购,开放赎回,nan
1165,2020-05-08,2.0423,2.1204,1.08,开放申购,开放赎回,nan
1166,2020-05-11,2.0293,2.1074,-0.64,开放申购,开放赎回,nan
1167,2020-05-12,2.0563,2.1344,1.33,开放申购,开放赎回,nan
1168,2020-05-13,2.1014,2.1795,2.19,开放申购,开放赎回,nan
1169,2020-05-14,2.0868,2.1649,-0.69,开放申购,开放赎回,nan
1170,2020-05-15,2.0752,2.1533,-0.56,开放申购,开放赎回,nan
1171,2020-05-18,2.1247,2.2028,2.39,开放申购,开放赎回,nan
1172,2020-05-19,2.14,2.2181,0.72,开放申购,开放赎回,nan
1173,2020-05-20,2.1184,2.1965,-1.01,开放申购,开放赎回,nan
1174,2020-05-21,2.1285,2.2066,0.48,开放申购,开放赎回,nan
1175,2020-05-22,2.0683,2.1464,-2.83,开放申购,开放赎回,nan
1176,2020-05-25,2.1221,2.2002,2.6,开放申购,开放赎回,nan
1177,2020-05-26,2.1465,2.2246,1.15,开放申购,开放赎回,nan
1178,2020-05-27,2.1327,2.2108,-0.64,开放申购,开放赎回,nan
1179,2020-05-28,2.1319,2.21,-0.04,开放申购,开放赎回,nan
1180,2020-05-29,2.164,2.2421,1.51,开放申购,开放赎回,nan
1181,2020-06-01,2.2126,2.2907,2.25,开放申购,开放赎回,nan
1182,2020-06-02,2.1742,2.2523,-1.74,开放申购,开放赎回,nan
1183,2020-06-03,2.1636,2.2417,-0.49,开放申购,开放赎回,nan
1184,2020-06-04,2.1954,2.2735,1.47,开放申购,开放赎回,nan
1185,2020-06-05,2.1977,2.2758,0.1,开放申购,开放赎回,nan
1186,2020-06-08,2.1966,2.2747,-0.05,开放申购,开放赎回,nan
1187,2020-06-09,2.2199,2.298,1.06,开放申购,开放赎回,nan
1188,2020-06-10,2.2298,2.3079,0.45,开放申购,开放赎回,nan
1189,2020-06-11,2.1955,2.2736,-1.54,开放申购,开放赎回,nan
1190,2020-06-12,2.2086,2.2867,0.6,开放申购,开放赎回,nan
1191,2020-06-15,2.1848,2.2629,-1.08,开放申购,开放赎回,nan
1192,2020-06-16,2.2187,2.2968,1.55,开放申购,开放赎回,nan
1193,2020-06-17,2.2157,2.2938,-0.14,开放申购,开放赎回,nan
1194,2020-06-18,2.2163,2.2944,0.03,开放申购,开放赎回,nan
1195,2020-06-19,2.2674,2.3455,2.31,开放申购,开放赎回,nan
1196,2020-06-22,2.2513,2.3294,-0.71,开放申购,开放赎回,nan
1197,2020-06-23,2.3042,2.3823,2.35,开放申购,开放赎回,nan
1198,2020-06-24,2.3074,2.3855,0.14,开放申购,开放赎回,nan
1199,2020-06-29,2.317,2.3951,0.42,开放申购,开放赎回,nan
1200,2020-06-30,2.3522,2.4303,1.52,开放申购,开放赎回,nan
1201,2020-07-01,2.4298,2.5079,3.3,开放申购,开放赎回,nan
1202,2020-07-02,2.4629,2.541,1.36,开放申购,开放赎回,nan
1203,2020-07-03,2.4444,2.5225,-0.75,开放申购,开放赎回,nan
1204,2020-07-06,2.4979,2.576,2.19,开放申购,开放赎回,nan
1205,2020-07-07,2.5536,2.6317,2.23,开放申购,开放赎回,nan
1206,2020-07-08,2.5764,2.6545,0.89,开放申购,开放赎回,nan
1207,2020-07-09,2.6082,2.6863,1.23,开放申购,开放赎回,nan
1208,2020-07-10,2.6319,2.71,0.91,开放申购,开放赎回,nan
1209,2020-07-13,2.7281,2.8062,3.66,开放申购,开放赎回,nan
1210,2020-07-14,2.7291,2.8072,0.04,开放申购,开放赎回,nan
1211,2020-07-15,2.7754,2.8535,1.7,开放申购,开放赎回,nan
1212,2020-07-16,2.5886,2.6667,-6.73,开放申购,开放赎回,nan
1213,2020-07-17,2.6312,2.7093,1.65,开放申购,开放赎回,nan
1214,2020-07-20,2.6187,2.6968,-0.48,开放申购,开放赎回,nan
1215,2020-07-21,2.6746,2.7527,2.13,开放申购,开放赎回,nan
1216,2020-07-22,2.7219,2.8,1.77,开放申购,开放赎回,nan
1217,2020-07-23,2.7359,2.814,0.51,开放申购,开放赎回,nan
1218,2020-07-24,2.6141,2.6922,-4.45,开放申购,开放赎回,nan
1219,2020-07-27,2.6468,2.7249,1.25,开放申购,开放赎回,nan
1220,2020-07-28,2.7328,2.8109,3.25,开放申购,开放赎回,nan
1221,2020-07-29,2.7579,2.836,0.92,开放申购,开放赎回,nan
1222,2020-07-30,2.7667,2.8448,0.32,开放申购,开放赎回,nan
1223,2020-07-31,2.7794,2.8575,0.46,开放申购,开放赎回,nan
1224,2020-08-03,2.8011,2.8792,0.78,开放申购,开放赎回,nan
1225,2020-08-04,2.7885,2.8666,-0.45,开放申购,开放赎回,nan
1226,2020-08-05,2.8121,2.8902,0.85,开放申购,开放赎回,nan
1227,2020-08-06,2.7633,2.8414,-1.74,开放申购,开放赎回,nan
1228,2020-08-07,2.7431,2.8212,-0.73,开放申购,开放赎回,nan
1229,2020-08-10,2.7542,2.8323,0.4,开放申购,开放赎回,nan
1230,2020-08-11,2.7675,2.8456,0.48,开放申购,开放赎回,nan
1231,2020-08-12,2.7184,2.7965,-1.77,开放申购,开放赎回,nan
1232,2020-08-13,2.7213,2.7994,0.11,开放申购,开放赎回,nan
1233,2020-08-14,2.7787,2.8568,2.11,开放申购,开放赎回,nan
1234,2020-08-17,2.8244,2.9025,1.64,开放申购,开放赎回,nan
1235,2020-08-18,2.8741,2.9522,1.76,开放申购,开放赎回,nan
1236,2020-08-19,2.8904,2.9685,0.57,开放申购,开放赎回,nan
1237,2020-08-20,2.839,2.9171,-1.78,开放申购,开放赎回,nan
1238,2020-08-21,2.9044,2.9825,2.3,开放申购,开放赎回,nan
1239,2020-08-24,2.9311,3.0092,0.92,开放申购,开放赎回,nan
1240,2020-08-25,2.9758,3.0539,1.53,开放申购,开放赎回,nan
1241,2020-08-26,2.9747,3.0528,-0.04,开放申购,开放赎回,nan
1242,2020-08-27,3.03,3.1081,1.86,开放申购,开放赎回,nan
1243,2020-08-28,3.1242,3.2023,3.11,开放申购,开放赎回,nan
1244,2020-08-31,3.1516,3.2297,0.88,开放申购,开放赎回,nan
1245,2020-09-01,3.1354,3.2135,-0.51,开放申购,开放赎回,nan
1246,2020-09-02,3.1404,3.2185,0.16,开放申购,开放赎回,nan
1247,2020-09-03,3.1228,3.2009,-0.56,开放申购,开放赎回,nan
1248,2020-09-04,3.0403,3.1184,-2.64,开放申购,开放赎回,nan
1249,2020-09-07,2.9556,3.0337,-2.79,开放申购,开放赎回,nan
1250,2020-09-08,2.9211,2.9992,-1.17,开放申购,开放赎回,nan
1251,2020-09-09,2.8347,2.9128,-2.96,开放申购,开放赎回,nan
1252,2020-09-10,2.8575,2.9356,0.8,开放申购,开放赎回,nan
1253,2020-09-11,2.907,2.9851,1.73,开放申购,开放赎回,nan
1254,2020-09-14,2.9214,2.9995,0.5,开放申购,开放赎回,nan
1255,2020-09-15,2.9489,3.027,0.94,开放申购,开放赎回,nan
1256,2020-09-16,2.9048,2.9829,-1.5,开放申购,开放赎回,nan
1257,2020-09-17,2.8513,2.9294,-1.84,开放申购,开放赎回,nan
1258,2020-09-18,2.8942,2.9723,1.5,开放申购,开放赎回,nan
1259,2020-09-21,2.8522,2.9303,-1.45,开放申购,开放赎回,nan
1260,2020-09-22,2.8394,2.9175,-0.45,开放申购,开放赎回,nan
1261,2020-09-23,2.8451,2.9232,0.2,开放申购,开放赎回,nan
1262,2020-09-24,2.7976,2.8757,-1.67,开放申购,开放赎回,nan
1263,2020-09-25,2.8076,2.8857,0.36,开放申购,开放赎回,nan
1264,2020-09-28,2.8201,2.8982,0.45,开放申购,开放赎回,nan
1265,2020-09-29,2.8327,2.9108,0.45,开放申购,开放赎回,nan
1266,2020-09-30,2.853,2.9311,0.72,开放申购,开放赎回,nan
1267,2020-10-09,2.9075,2.9856,1.91,开放申购,开放赎回,nan
1268,2020-10-12,3.0156,3.0937,3.72,开放申购,开放赎回,nan
1269,2020-10-13,3.032,3.1101,0.54,开放申购,开放赎回,nan
1270,2020-10-14,3.0227,3.1008,-0.31,开放申购,开放赎回,nan
1271,2020-10-15,3.0137,3.0918,-0.3,开放申购,开放赎回,nan
1272,2020-10-16,2.992,3.0701,-0.72,开放申购,开放赎回,nan
1273,2020-10-19,2.9444,3.0225,-1.59,开放申购,开放赎回,nan
1274,2020-10-20,3.0251,3.1032,2.74,开放申购,开放赎回,nan
1275,2020-10-21,3.0264,3.1045,0.04,开放申购,开放赎回,nan
1276,2020-10-22,3.0435,3.1216,0.57,开放申购,开放赎回,nan
1277,2020-10-23,2.9622,3.0403,-2.67,开放申购,开放赎回,nan
1278,2020-10-26,2.9387,3.0168,-0.79,开放申购,开放赎回,nan
1279,2020-10-27,2.9587,3.0368,0.68,开放申购,开放赎回,nan
1280,2020-10-28,3.0293,3.1074,2.39,开放申购,开放赎回,nan
1281,2020-10-29,3.0901,3.1682,2.01,开放申购,开放赎回,nan
1282,2020-10-30,2.9761,3.0542,-3.69,开放申购,开放赎回,nan
1283,2020-11-02,2.9789,3.057,0.09,开放申购,开放赎回,nan
1284,2020-11-03,3.0113,3.0894,1.09,开放申购,开放赎回,nan
1285,2020-11-04,3.0314,3.1095,0.67,开放申购,开放赎回,nan
1286,2020-11-05,3.0802,3.1583,1.61,开放申购,开放赎回,nan
1287,2020-11-06,3.0542,3.1323,-0.84,开放申购,开放赎回,nan
1288,2020-11-09,3.0963,3.1744,1.38,开放申购,开放赎回,nan
1289,2020-11-10,3.118,3.1961,0.7,开放申购,开放赎回,nan
1290,2020-11-11,3.1178,3.1959,-0.01,开放申购,开放赎回,nan
1291,2020-11-12,3.1391,3.2172,0.68,开放申购,开放赎回,nan
1292,2020-11-13,3.0649,3.143,-2.36,开放申购,开放赎回,nan
1293,2020-11-16,3.1298,3.2079,2.12,开放申购,开放赎回,nan
1294,2020-11-17,3.0994,3.1775,-0.97,开放申购,开放赎回,nan
1295,2020-11-18,3.0819,3.16,-0.56,开放申购,开放赎回,nan
1296,2020-11-19,3.111,3.1891,0.94,开放申购,开放赎回,nan
1297,2020-11-20,3.1523,3.2304,1.33,开放申购,开放赎回,nan
1298,2020-11-23,3.1678,3.2459,0.49,开放申购,开放赎回,nan
1299,2020-11-24,3.1648,3.2429,-0.09,开放申购,开放赎回,nan
1300,2020-11-25,3.0639,3.142,-3.19,开放申购,开放赎回,nan
1301,2020-11-26,3.0693,3.1474,0.18,开放申购,开放赎回,nan
1302,2020-11-27,3.0854,3.1635,0.52,开放申购,开放赎回,nan
1303,2020-11-30,3.0277,3.1058,-1.87,开放申购,开放赎回,nan
1304,2020-12-01,3.0746,3.1527,1.55,开放申购,开放赎回,nan
1305,2020-12-02,3.0774,3.1555,0.09,开放申购,开放赎回,nan
1306,2020-12-03,3.1101,3.1882,1.06,开放申购,开放赎回,nan
1307,2020-12-04,3.2127,3.2908,3.3,开放申购,开放赎回,nan
1308,2020-12-07,3.2305,3.3086,0.55,开放申购,开放赎回,nan
1309,2020-12-08,3.263,3.3411,1.01,开放申购,开放赎回,nan
1310,2020-12-09,3.2466,3.3247,-0.5,开放申购,开放赎回,nan
1311,2020-12-10,3.2626,3.3407,0.49,开放申购,开放赎回,nan
1312,2020-12-11,3.2518,3.3299,-0.33,开放申购,开放赎回,nan
1313,2020-12-14,3.3342,3.4123,2.53,开放申购,开放赎回,nan
1314,2020-12-15,3.3337,3.4118,-0.01,开放申购,开放赎回,nan
1315,2020-12-16,3.3951,3.4732,1.84,开放申购,开放赎回,nan
1316,2020-12-17,3.4279,3.506,0.97,开放申购,开放赎回,nan
1317,2020-12-18,3.3933,3.4714,-1.01,开放申购,开放赎回,nan
1318,2020-12-21,3.422,3.5001,0.85,开放申购,开放赎回,nan
1319,2020-12-22,3.4378,3.5159,0.46,开放申购,开放赎回,nan
1320,2020-12-23,3.436,3.5141,-0.05,开放申购,开放赎回,nan
1321,2020-12-24,3.365,3.4431,-2.07,开放申购,开放赎回,nan
1322,2020-12-25,3.3715,3.4496,0.19,开放申购,开放赎回,nan
1323,2020-12-28,3.4587,3.5368,2.59,开放申购,开放赎回,nan
1324,2020-12-29,3.4394,3.5175,-0.56,开放申购,开放赎回,nan
1325,2020-12-30,3.5205,3.5986,2.36,开放申购,开放赎回,nan
1326,2020-12-31,3.566,3.6441,1.29,开放申购,开放赎回,nan
1327,2021-01-04,3.6748,3.7529,3.05,开放申购,开放赎回,nan
1328,2021-01-05,3.8431,3.9212,4.58,开放申购,开放赎回,nan
1329,2021-01-06,3.8604,3.9385,0.45,开放申购,开放赎回,nan
1330,2021-01-07,3.9027,3.9808,1.1,开放申购,开放赎回,nan
1331,2021-01-08,3.8106,3.8887,-2.36,开放申购,开放赎回,nan
1332,2021-01-11,3.7163,3.7944,-2.47,开放申购,开放赎回,nan
1333,2021-01-12,3.8024,3.8805,2.32,开放申购,开放赎回,nan
1334,2021-01-13,3.7694,3.8475,-0.87,开放申购,开放赎回,nan
1335,2021-01-14,3.6848,3.7629,-2.24,开放申购,开放赎回,nan
1336,2021-01-15,3.5992,3.6773,-2.32,开放申购,开放赎回,nan
1337,2021-01-18,3.5781,3.6562,-0.59,开放申购,开放赎回,nan
1338,2021-01-19,3.5182,3.5963,-1.67,开放申购,开放赎回,nan
1339,2021-01-20,3.5423,3.6204,0.69,开放申购,开放赎回,nan
1340,2021-01-21,3.623,3.7011,2.28,开放申购,开放赎回,nan
1341,2021-01-22,3.6161,3.6942,-0.19,开放申购,开放赎回,nan
1342,2021-01-25,3.7679,3.846,4.2,开放申购,开放赎回,nan
1343,2021-01-26,3.6918,3.7699,-2.02,开放申购,开放赎回,nan
1344,2021-01-27,3.616,3.6941,-2.05,开放申购,开放赎回,nan
1345,2021-01-28,3.555,3.6331,-1.69,开放申购,开放赎回,nan
1346,2021-01-29,3.5834,3.6615,0.8,开放申购,开放赎回,nan
1347,2021-02-01,3.5869,3.665,0.1,开放申购,开放赎回,nan
1348,2021-02-02,3.7119,3.79,3.48,开放申购,开放赎回,nan
1349,2021-02-03,3.6882,3.7663,-0.64,开放申购,开放赎回,nan
1350,2021-02-04,3.7043,3.7824,0.44,开放申购,开放赎回,nan
1351,2021-02-05,3.7258,3.8039,0.58,开放申购,开放赎回,nan
1352,2021-02-08,3.7506,3.8287,0.67,开放申购,开放赎回,nan
1353,2021-02-09,3.8397,3.9178,2.38,开放申购,开放赎回,nan
1354,2021-02-10,3.9526,4.0307,2.94,开放申购,开放赎回,nan
1355,2021-02-18,3.8153,3.8934,-3.47,开放申购,开放赎回,nan
1356,2021-02-19,3.8455,3.9236,0.79,开放申购,开放赎回,nan
1357,2021-02-22,3.6249,3.703,-5.74,开放申购,开放赎回,nan
1358,2021-02-23,3.6061,3.6842,-0.52,开放申购,开放赎回,nan
1359,2021-02-24,3.4581,3.5362,-4.1,开放申购,开放赎回,nan
1360,2021-02-25,3.4129,3.491,-1.31,开放申购,开放赎回,nan
1361,2021-02-26,3.3346,3.4127,-2.29,开放申购,开放赎回,nan
1362,2021-03-01,3.3588,3.4369,0.73,开放申购,开放赎回,nan
1363,2021-03-02,3.284,3.3621,-2.23,开放申购,开放赎回,nan
1364,2021-03-03,3.3409,3.419,1.73,开放申购,开放赎回,nan
1365,2021-03-04,3.1971,3.2752,-4.3,开放申购,开放赎回,nan
1366,2021-03-05,3.2244,3.3025,0.85,开放申购,开放赎回,nan
1367,2021-03-08,3.0554,3.1335,-5.24,开放申购,开放赎回,nan
1368,2021-03-09,2.9685,3.0466,-2.84,开放申购,开放赎回,nan
1369,2021-03-10,3.0314,3.1095,2.12,开放申购,开放赎回,nan
1370,2021-03-11,3.1245,3.2026,3.07,开放申购,开放赎回,nan
1371,2021-03-12,3.1167,3.1948,-0.25,开放申购,开放赎回,nan
1372,2021-03-15,3.0006,3.0787,-3.73,开放申购,开放赎回,nan
1373,2021-03-16,3.0662,3.1443,2.19,开放申购,开放赎回,nan
1374,2021-03-17,3.1029,3.181,1.2,开放申购,开放赎回,nan
1375,2021-03-18,3.1704,3.2485,2.18,开放申购,开放赎回,nan
1376,2021-03-19,3.0983,3.1764,-2.27,开放申购,开放赎回,nan
1377,2021-03-22,3.1085,3.1866,0.33,开放申购,开放赎回,nan
1378,2021-03-23,3.1173,3.1954,0.28,开放申购,开放赎回,nan
1379,2021-03-24,3.1073,3.1854,-0.32,开放申购,开放赎回,nan
1380,2021-03-25,3.1032,3.1813,-0.13,开放申购,开放赎回,nan
1381,2021-03-26,3.1909,3.269,2.83,开放申购,开放赎回,nan
1382,2021-03-29,3.2297,3.3078,1.22,开放申购,开放赎回,nan
1383,2021-03-30,3.2527,3.3308,0.71,开放申购,开放赎回,nan
1384,2021-03-31,3.2154,3.2935,-1.15,开放申购,开放赎回,nan
1385,2021-04-01,3.2725,3.3506,1.78,开放申购,开放赎回,nan
1386,2021-04-02,3.3789,3.457,3.25,开放申购,开放赎回,nan
1387,2021-04-06,3.3515,3.4296,-0.81,开放申购,开放赎回,nan
1388,2021-04-07,3.2635,3.3416,-2.63,开放申购,开放赎回,nan
1389,2021-04-08,3.322,3.4001,1.79,开放申购,开放赎回,nan
1390,2021-04-09,3.2525,3.3306,-2.09,开放申购,开放赎回,nan
1391,2021-04-12,3.2262,3.3043,-0.81,开放申购,开放赎回,nan
1392,2021-04-13,3.2543,3.3324,0.87,开放申购,开放赎回,nan
1393,2021-04-14,3.2842,3.3623,0.92,开放申购,开放赎回,nan
1394,2021-04-15,3.2574,3.3355,-0.82,开放申购,开放赎回,nan
1395,2021-04-16,3.2988,3.3769,1.27,开放申购,开放赎回,nan
1396,2021-04-19,3.3415,3.4196,1.29,开放申购,开放赎回,nan
1397,2021-04-20,3.3681,3.4462,0.8,开放申购,开放赎回,nan
1398,2021-04-21,3.4131,3.4912,1.34,开放申购,开放赎回,nan
1399,2021-04-22,3.4057,3.4838,-0.22,开放申购,开放赎回,nan
1400,2021-04-23,3.4468,3.5249,1.21,开放申购,开放赎回,nan
1401,2021-04-26,3.3817,3.4598,-1.89,开放申购,开放赎回,nan
1402,2021-04-27,3.419,3.4971,1.1,开放申购,开放赎回,nan
1403,2021-04-28,3.4536,3.5317,1.01,开放申购,开放赎回,nan
1404,2021-04-29,3.4849,3.563,0.91,开放申购,开放赎回,nan
1405,2021-04-30,3.462,3.5401,-0.66,开放申购,开放赎回,nan
1406,2021-05-06,3.3737,3.4518,-2.55,开放申购,开放赎回,nan
1407,2021-05-07,3.3169,3.395,-1.68,开放申购,开放赎回,nan
1408,2021-05-10,3.2689,3.347,-1.45,开放申购,开放赎回,nan
1409,2021-05-11,3.3691,3.4472,3.07,开放申购,开放赎回,nan
1410,2021-05-12,3.4046,3.4827,1.05,开放申购,开放赎回,nan
1411,2021-05-13,3.4242,3.5023,0.58,开放申购,开放赎回,nan
1412,2021-05-14,3.484,3.5621,1.75,开放申购,开放赎回,nan
1413,2021-05-17,3.5517,3.6298,1.94,开放申购,开放赎回,nan
1414,2021-05-18,3.5532,3.6313,0.04,开放申购,开放赎回,nan
1415,2021-05-19,3.5286,3.6067,-0.69,开放申购,开放赎回,nan
1416,2021-05-20,3.5813,3.6594,1.49,开放申购,开放赎回,nan
1417,2021-05-21,3.5653,3.6434,-0.45,开放申购,开放赎回,nan
1418,2021-05-24,3.6296,3.7077,1.8,开放申购,开放赎回,nan
1419,2021-05-25,3.7537,3.8318,3.42,开放申购,开放赎回,nan
1420,2021-05-26,3.7266,3.8047,-0.72,开放申购,开放赎回,nan
1421,2021-05-27,3.7394,3.8175,0.34,开放申购,开放赎回,nan
1422,2021-05-28,3.7188,3.7969,-0.55,开放申购,开放赎回,nan
1423,2021-05-31,3.7256,3.8037,0.18,开放申购,开放赎回,nan
1424,2021-06-01,3.7502,3.8283,0.66,开放申购,开放赎回,nan
1425,2021-06-02,3.6991,3.7772,-1.36,开放申购,开放赎回,nan
1426,2021-06-03,3.7238,3.8019,0.67,开放申购,开放赎回,nan
1427,2021-06-04,3.7626,3.8407,1.04,开放申购,开放赎回,nan
1428,2021-06-07,3.782,3.8601,0.52,开放申购,开放赎回,nan
1429,2021-06-08,3.6264,3.7045,-4.11,开放申购,开放赎回,nan
1430,2021-06-09,3.6398,3.7179,0.37,开放申购,开放赎回,nan
1431,2021-06-10,3.6681,3.7462,0.78,开放申购,开放赎回,nan
1432,2021-06-11,3.5935,3.6716,-2.03,开放申购,开放赎回,nan
1433,2021-06-15,3.5771,3.6552,-0.46,开放申购,开放赎回,nan
1434,2021-06-16,3.5463,3.6244,-0.86,开放申购,开放赎回,nan
1435,2021-06-17,3.5858,3.6639,1.11,开放申购,开放赎回,nan
1436,2021-06-18,3.5432,3.6213,-1.19,开放申购,开放赎回,nan
1437,2021-06-21,3.5261,3.6042,-0.48,开放申购,开放赎回,nan
1438,2021-06-22,3.5447,3.6228,0.53,开放申购,开放赎回,nan
1439,2021-06-23,3.4746,3.5527,-1.98,开放申购,开放赎回,nan
1440,2021-06-24,3.4831,3.5612,0.24,开放申购,开放赎回,nan
1441,2021-06-25,3.5405,3.6186,1.65,开放申购,开放赎回,nan
1442,2021-06-28,3.5661,3.6442,0.72,开放申购,开放赎回,nan
1443,2021-06-29,3.5128,3.5909,-1.49,开放申购,开放赎回,nan
1444,2021-06-30,3.5283,3.6064,0.44,开放申购,开放赎回,nan
1445,2021-07-01,3.5598,3.6379,0.89,开放申购,开放赎回,nan
1446,2021-07-02,3.4485,3.5266,-3.13,开放申购,开放赎回,nan
1447,2021-07-05,3.4266,3.5047,-0.64,开放申购,开放赎回,nan
1448,2021-07-06,3.402,3.4801,-0.72,开放申购,开放赎回,nan
1449,2021-07-07,3.4263,3.5044,0.71,开放申购,开放赎回,nan
1450,2021-07-08,3.3617,3.4398,-1.89,开放申购,开放赎回,nan
1451,2021-07-09,3.2945,3.3726,-2.0,开放申购,开放赎回,nan
1452,2021-07-12,3.3292,3.4073,1.05,开放申购,开放赎回,nan
1453,2021-07-13,3.4092,3.4873,2.4,开放申购,开放赎回,nan
1454,2021-07-14,3.4265,3.5046,0.51,开放申购,开放赎回,nan
1455,2021-07-15,3.4834,3.5615,1.66,开放申购,开放赎回,nan
1456,2021-07-16,3.427,3.5051,-1.62,开放申购,开放赎回,nan
1457,2021-07-19,3.4371,3.5152,0.29,开放申购,开放赎回,nan
1458,2021-07-20,3.4412,3.5193,0.12,开放申购,开放赎回,nan
1459,2021-07-21,3.43,3.5081,-0.33,开放申购,开放赎回,nan
1460,2021-07-22,3.3856,3.4637,-1.29,开放申购,开放赎回,nan
1461,2021-07-23,3.3095,3.3876,-2.25,开放申购,开放赎回,nan
1462,2021-07-26,3.1415,3.2196,-5.08,开放申购,开放赎回,nan
1463,2021-07-27,3.0222,3.1003,-3.8,开放申购,开放赎回,nan
1464,2021-07-28,3.0466,3.1247,0.81,开放申购,开放赎回,nan
1465,2021-07-29,3.0346,3.1127,-0.39,开放申购,开放赎回,nan
1466,2021-07-30,2.9307,3.0088,-3.42,开放申购,开放赎回,nan
1467,2021-08-02,3.0607,3.1388,4.44,开放申购,开放赎回,nan
1468,2021-08-03,3.103,3.1811,1.38,开放申购,开放赎回,nan
1469,2021-08-04,3.0553,3.1334,-1.54,开放申购,开放赎回,nan
1470,2021-08-05,3.0378,3.1159,-0.57,开放申购,开放赎回,nan
1471,2021-08-06,3.015,3.0931,-0.75,开放申购,开放赎回,nan
1472,2021-08-09,3.0988,3.1769,2.78,开放申购,开放赎回,nan
1473,2021-08-10,3.2313,3.3094,4.28,开放申购,开放赎回,nan
1474,2021-08-11,3.1739,3.252,-1.78,开放申购,开放赎回,nan
1475,2021-08-12,3.1154,3.1935,-1.84,开放申购,开放赎回,nan
1476,2021-08-13,3.1282,3.2063,0.41,开放申购,开放赎回,nan
1477,2021-08-16,3.1495,3.2276,0.68,开放申购,开放赎回,nan
1478,2021-08-17,3.0289,3.107,-3.83,开放申购,开放赎回,nan
1479,2021-08-18,3.0314,3.1095,0.08,开放申购,开放赎回,nan
1480,2021-08-19,2.9891,3.0672,-1.4,开放申购,开放赎回,nan
1481,2021-08-20,2.8549,2.933,-4.49,开放申购,开放赎回,nan
1482,2021-08-23,2.8806,2.9587,0.9,开放申购,开放赎回,nan
1483,2021-08-24,2.9392,3.0173,2.03,开放申购,开放赎回,nan
1484,2021-08-25,2.9906,3.0687,1.75,开放申购,开放赎回,nan
1485,2021-08-26,2.9056,2.9837,-2.84,开放申购,开放赎回,nan
1486,2021-08-27,2.9013,2.9794,-0.15,开放申购,开放赎回,nan
1487,2021-08-30,2.9022,2.9803,0.03,开放申购,开放赎回,nan
1488,2021-08-31,2.8536,2.9317,-1.67,开放申购,开放赎回,nan
1489,2021-09-01,2.9352,3.0133,2.86,开放申购,开放赎回,nan
1490,2021-09-02,2.894,2.9721,-1.4,开放申购,开放赎回,nan
1491,2021-09-03,2.9195,2.9976,0.88,开放申购,开放赎回,nan
1492,2021-09-06,2.9927,3.0708,2.51,开放申购,开放赎回,nan
1493,2021-09-07,3.0047,3.0828,0.4,开放申购,开放赎回,nan
1494,2021-09-08,2.9661,3.0442,-1.28,开放申购,开放赎回,nan
1495,2021-09-09,2.9587,3.0368,-0.25,开放申购,开放赎回,nan
1496,2021-09-10,2.9936,3.0717,1.18,开放申购,开放赎回,nan
1497,2021-09-13,2.9614,3.0395,-1.08,开放申购,开放赎回,nan
1498,2021-09-14,2.9433,3.0214,-0.61,开放申购,开放赎回,nan
1499,2021-09-15,2.8804,2.9585,-2.14,开放申购,开放赎回,nan
1500,2021-09-16,2.8998,2.9779,0.67,开放申购,开放赎回,nan
1501,2021-09-17,2.9707,3.0488,2.44,开放申购,开放赎回,nan
1502,2021-09-22,2.9021,2.9802,-2.31,开放申购,开放赎回,nan
1503,2021-09-23,2.9311,3.0092,1.0,开放申购,开放赎回,nan
1504,2021-09-24,3.0262,3.1043,3.24,开放申购,开放赎回,nan
1505,2021-09-27,3.1634,3.2415,4.53,开放申购,开放赎回,nan
1506,2021-09-28,3.1318,3.2099,-1.0,开放申购,开放赎回,nan
1507,2021-09-29,3.1197,3.1978,-0.39,开放申购,开放赎回,nan
1508,2021-09-30,3.144,3.2221,0.78,开放申购,开放赎回,nan
1509,2021-10-08,3.2254,3.3035,2.59,开放申购,开放赎回,nan
1510,2021-10-11,3.205,3.2831,-0.63,开放申购,开放赎回,nan
1511,2021-10-12,3.2038,3.2819,-0.04,开放申购,开放赎回,nan
1512,2021-10-13,3.3007,3.3788,3.02,开放申购,开放赎回,nan
1513,2021-10-14,3.279,3.3571,-0.66,开放申购,开放赎回,nan
1514,2021-10-15,3.2549,3.333,-0.73,开放申购,开放赎回,nan
1515,2021-10-18,3.1037,3.1818,-4.65,开放申购,开放赎回,nan
1516,2021-10-19,3.1591,3.2372,1.78,开放申购,开放赎回,nan
1517,2021-10-20,3.1617,3.2398,0.08,开放申购,开放赎回,nan
1518,2021-10-21,3.1687,3.2468,0.22,开放申购,开放赎回,nan
1519,2021-10-22,3.224,3.3021,1.75,开放申购,开放赎回,nan
1520,2021-10-25,3.212,3.2901,-0.37,开放申购,开放赎回,nan
1521,2021-10-26,3.2093,3.2874,-0.08,开放申购,开放赎回,nan
1522,2021-10-27,3.1522,3.2303,-1.78,开放申购,开放赎回,nan
1523,2021-10-28,3.1807,3.2588,0.9,开放申购,开放赎回,nan
1524,2021-10-29,3.2413,3.3194,1.91,开放申购,开放赎回,nan
1525,2021-11-01,3.2009,3.279,-1.25,开放申购,开放赎回,nan
1526,2021-11-02,3.2198,3.2979,0.59,开放申购,开放赎回,nan
1527,2021-11-03,3.1945,3.2726,-0.79,开放申购,开放赎回,nan
1528,2021-11-04,3.2961,3.3742,3.18,开放申购,开放赎回,nan
1529,2021-11-05,3.289,3.3671,-0.22,开放申购,开放赎回,nan
1530,2021-11-08,3.2599,3.338,-0.88,开放申购,开放赎回,nan
1531,2021-11-09,3.2379,3.316,-0.67,开放申购,开放赎回,nan
1532,2021-11-10,3.1793,3.2574,-1.81,开放申购,开放赎回,nan
1533,2021-11-11,3.1934,3.2715,0.44,开放申购,开放赎回,nan
1534,2021-11-12,3.1619,3.24,-0.99,开放申购,开放赎回,nan
1535,2021-11-15,3.2038,3.2819,1.33,开放申购,开放赎回,nan
1536,2021-11-16,3.2621,3.3402,1.82,开放申购,开放赎回,nan
1537,2021-11-17,3.2412,3.3193,-0.64,开放申购,开放赎回,nan
1538,2021-11-18,3.2245,3.3026,-0.52,开放申购,开放赎回,nan
1539,2021-11-19,3.248,3.3261,0.73,开放申购,开放赎回,nan
1540,2021-11-22,3.2527,3.3308,0.14,开放申购,开放赎回,nan
1541,2021-11-23,3.25,3.3281,-0.08,开放申购,开放赎回,nan
1542,2021-11-24,3.2954,3.3735,1.4,开放申购,开放赎回,nan
1543,2021-11-25,3.2861,3.3642,-0.28,开放申购,开放赎回,nan
1544,2021-11-26,3.2624,3.3405,-0.72,开放申购,开放赎回,nan
1545,2021-11-29,3.273,3.3511,0.32,开放申购,开放赎回,nan
1546,2021-11-30,3.2259,3.304,-1.44,开放申购,开放赎回,nan
1547,2021-12-01,3.2365,3.3146,0.33,开放申购,开放赎回,nan
1548,2021-12-02,3.2442,3.3223,0.24,开放申购,开放赎回,nan
1549,2021-12-03,3.315,3.3931,2.18,开放申购,开放赎回,nan
1550,2021-12-06,3.2943,3.3724,-0.62,开放申购,开放赎回,nan
1551,2021-12-07,3.324,3.4021,0.9,开放申购,开放赎回,nan
1552,2021-12-08,3.4189,3.497,2.85,开放申购,开放赎回,nan
1553,2021-12-09,3.4722,3.5503,1.56,开放申购,开放赎回,nan
1554,2021-12-10,3.4707,3.5488,-0.04,开放申购,开放赎回,nan
1555,2021-12-13,3.4889,3.567,0.52,开放申购,开放赎回,nan
1556,2021-12-14,3.4962,3.5743,0.21,开放申购,开放赎回,nan
1557,2021-12-15,3.4435,3.5216,-1.51,开放申购,开放赎回,nan
1558,2021-12-16,3.4167,3.4948,-0.78,开放申购,开放赎回,nan
1559,2021-12-17,3.3447,3.4228,-2.11,开放申购,开放赎回,nan
1560,2021-12-20,3.3463,3.4244,0.05,开放申购,开放赎回,nan
1561,2021-12-21,3.3412,3.4193,-0.15,开放申购,开放赎回,nan
1562,2021-12-22,3.3491,3.4272,0.24,开放申购,开放赎回,nan
1563,2021-12-23,3.3926,3.4707,1.3,开放申购,开放赎回,nan
1564,2021-12-24,3.4315,3.5096,1.15,开放申购,开放赎回,nan
1565,2021-12-27,3.4296,3.5077,-0.06,开放申购,开放赎回,nan
1566,2021-12-28,3.4378,3.5159,0.24,开放申购,开放赎回,nan
1567,2021-12-29,3.3148,3.3929,-3.58,开放申购,开放赎回,nan
1568,2021-12-30,3.3379,3.416,0.7,开放申购,开放赎回,nan
1569,2021-12-31,3.3216,3.3997,-0.49,开放申购,开放赎回,nan
1570,2022-01-04,3.3173,3.3954,-0.13,开放申购,开放赎回,nan
1571,2022-01-05,3.3118,3.3899,-0.17,开放申购,开放赎回,nan
1572,2022-01-06,3.2683,3.3464,-1.31,开放申购,开放赎回,nan
1573,2022-01-07,3.217,3.2951,-1.57,开放申购,开放赎回,nan
1574,2022-01-10,3.2113,3.2894,-0.18,开放申购,开放赎回,nan
1575,2022-01-11,3.1555,3.2336,-1.74,开放申购,开放赎回,nan
1576,2022-01-12,3.1908,3.2689,1.12,开放申购,开放赎回,nan
1577,2022-01-13,3.1094,3.1875,-2.55,开放申购,开放赎回,nan
1578,2022-01-14,3.0774,3.1555,-1.03,开放申购,开放赎回,nan
1579,2022-01-17,3.0892,3.1673,0.38,开放申购,开放赎回,nan
1580,2022-01-18,3.116,3.1941,0.87,开放申购,开放赎回,nan
1581,2022-01-19,3.0975,3.1756,-0.59,开放申购,开放赎回,nan
1582,2022-01-20,3.1266,3.2047,0.94,开放申购,开放赎回,nan
1583,2022-01-21,3.1511,3.2292,0.78,开放申购,开放赎回,nan
1584,2022-01-24,3.119,3.1971,-1.02,开放申购,开放赎回,nan
1585,2022-01-25,3.0444,3.1225,-2.39,开放申购,开放赎回,nan
1586,2022-01-26,3.0621,3.1402,0.58,开放申购,开放赎回,nan
1587,2022-01-27,3.0083,3.0864,-1.76,开放申购,开放赎回,nan
1588,2022-01-28,2.955,3.0331,-1.77,开放申购,开放赎回,nan
1589,2022-02-07,2.9619,3.04,0.23,开放申购,开放赎回,nan
1590,2022-02-08,2.9246,3.0027,-1.26,开放申购,开放赎回,nan
1591,2022-02-09,3.0133,3.0914,3.03,开放申购,开放赎回,nan
1592,2022-02-10,3.0055,3.0836,-0.26,开放申购,开放赎回,nan
1593,2022-02-11,2.991,3.0691,-0.48,开放申购,开放赎回,nan
1594,2022-02-14,3.0208,3.0989,1.0,开放申购,开放赎回,nan
1595,2022-02-15,3.0554,3.1335,1.15,开放申购,开放赎回,nan
1596,2022-02-16,3.0745,3.1526,0.63,开放申购,开放赎回,nan
1597,2022-02-17,3.0591,3.1372,-0.5,开放申购,开放赎回,nan
1598,2022-02-18,3.0714,3.1495,0.4,开放申购,开放赎回,nan
1599,2022-02-21,3.0762,3.1543,0.16,开放申购,开放赎回,nan
1600,2022-02-22,3.0136,3.0917,-2.03,开放申购,开放赎回,nan
1601,2022-02-23,3.0321,3.1102,0.61,开放申购,开放赎回,nan
1602,2022-02-24,2.9462,3.0243,-2.83,开放申购,开放赎回,nan
1603,2022-02-25,2.9757,3.0538,1.0,开放申购,开放赎回,nan
1604,2022-02-28,2.9806,3.0587,0.16,开放申购,开放赎回,nan
1605,2022-03-01,3.0381,3.1162,1.93,开放申购,开放赎回,nan
1606,2022-03-02,3.0117,3.0898,-0.87,开放申购,开放赎回,nan
1607,2022-03-03,2.9496,3.0277,-2.06,开放申购,开放赎回,nan
1608,2022-03-04,2.929,3.0071,-0.7,开放申购,开放赎回,nan
1609,2022-03-07,2.8095,2.8876,-4.08,开放申购,开放赎回,nan
1610,2022-03-08,2.7714,2.8495,-1.36,开放申购,开放赎回,nan
1611,2022-03-09,2.7564,2.8345,-0.54,开放申购,开放赎回,nan
1612,2022-03-10,2.8364,2.9145,2.9,开放申购,开放赎回,nan
1613,2022-03-11,2.8492,2.9273,0.45,开放申购,开放赎回,nan
1614,2022-03-14,2.7321,2.8102,-4.11,开放申购,开放赎回,nan
1615,2022-03-15,2.5991,2.6772,-4.87,开放申购,开放赎回,nan
1616,2022-03-16,2.6752,2.7533,2.93,开放申购,开放赎回,nan
1617,2022-03-17,2.7466,2.8247,2.67,开放申购,开放赎回,nan
1618,2022-03-18,2.7452,2.8233,-0.05,开放申购,开放赎回,nan
1619,2022-03-21,2.7441,2.8222,-0.04,开放申购,开放赎回,nan
1620,2022-03-22,2.7234,2.8015,-0.75,开放申购,开放赎回,nan
1621,2022-03-23,2.7471,2.8252,0.87,开放申购,开放赎回,nan
1622,2022-03-24,2.7006,2.7787,-1.69,开放申购,开放赎回,nan
1623,2022-03-25,2.6421,2.7202,-2.17,开放申购,开放赎回,nan
1624,2022-03-28,2.5927,2.6708,-1.87,开放申购,开放赎回,nan
1625,2022-03-29,2.5756,2.6537,-0.66,开放申购,开放赎回,nan
1626,2022-03-30,2.6656,2.7437,3.49,开放申购,开放赎回,nan
1627,2022-03-31,2.6475,2.7256,-0.68,开放申购,开放赎回,nan
1628,2022-04-01,2.6935,2.7716,1.74,开放申购,开放赎回,nan
1629,2022-04-06,2.6659,2.744,-1.02,开放申购,开放赎回,nan
1630,2022-04-07,2.6485,2.7266,-0.65,开放申购,开放赎回,nan
1631,2022-04-08,2.6334,2.7115,-0.57,开放申购,开放赎回,nan
1632,2022-04-11,2.5637,2.6418,-2.65,开放申购,开放赎回,nan
1633,2022-04-12,2.6738,2.7519,4.29,开放申购,开放赎回,nan
1634,2022-04-13,2.6686,2.7467,-0.19,开放申购,开放赎回,nan
1635,2022-04-14,2.7818,2.8599,4.24,开放申购,开放赎回,nan
1636,2022-04-15,2.7762,2.8543,-0.2,开放申购,开放赎回,nan
1637,2022-04-18,2.7731,2.8512,-0.11,开放申购,开放赎回,nan
1638,2022-04-19,2.751,2.8291,-0.8,开放申购,开放赎回,nan
1639,2022-04-20,2.7891,2.8672,1.38,开放申购,开放赎回,nan
1640,2022-04-21,2.7433,2.8214,-1.64,开放申购,开放赎回,nan
1641,2022-04-22,2.7356,2.8137,-0.28,开放申购,开放赎回,nan
1642,2022-04-25,2.6143,2.6924,-4.43,开放申购,开放赎回,nan
1643,2022-04-26,2.654,2.7321,1.52,开放申购,开放赎回,nan
1644,2022-04-27,2.7004,2.7785,1.75,开放申购,开放赎回,nan
1645,2022-04-28,2.7212,2.7993,0.77,开放申购,开放赎回,nan
1646,2022-04-29,2.7434,2.8215,0.82,开放申购,开放赎回,nan
1647,2022-05-05,2.7559,2.834,0.46,开放申购,开放赎回,nan
1648,2022-05-06,2.6692,2.7473,-3.15,开放申购,开放赎回,nan
1649,2022-05-09,2.6539,2.732,-0.57,开放申购,开放赎回,nan
1650,2022-05-10,2.69,2.7681,1.36,开放申购,开放赎回,nan
1651,2022-05-11,2.7087,2.7868,0.7,开放申购,开放赎回,nan
1652,2022-05-12,2.7272,2.8053,0.68,开放申购,开放赎回,nan
1653,2022-05-13,2.7153,2.7934,-0.44,开放申购,开放赎回,nan
1654,2022-05-16,2.6853,2.7634,-1.1,开放申购,开放赎回,nan
1655,2022-05-17,2.6969,2.775,0.43,开放申购,开放赎回,nan
1656,2022-05-18,2.6822,2.7603,-0.55,开放申购,开放赎回,nan
1657,2022-05-19,2.6545,2.7326,-1.03,开放申购,开放赎回,nan
1658,2022-05-20,2.7457,2.8238,3.44,开放申购,开放赎回,nan
1659,2022-05-23,2.7154,2.7935,-1.1,开放申购,开放赎回,nan
1660,2022-05-24,2.6687,2.7468,-1.72,开放申购,开放赎回,nan
1661,2022-05-25,2.6708,2.7489,0.08,开放申购,开放赎回,nan
1662,2022-05-26,2.6711,2.7492,0.01,开放申购,开放赎回,nan
1663,2022-05-27,2.6734,2.7515,0.09,开放申购,开放赎回,nan
1664,2022-05-30,2.7348,2.8129,2.3,开放申购,开放赎回,nan
1665,2022-05-31,2.8122,2.8903,2.83,开放申购,开放赎回,nan
1666,2022-06-01,2.7914,2.8695,-0.74,开放申购,开放赎回,nan
1667,2022-06-02,2.772,2.8501,-0.69,开放申购,开放赎回,nan
1668,2022-06-06,2.8089,2.887,1.33,开放申购,开放赎回,nan
1669,2022-06-07,2.8493,2.9274,1.44,开放申购,开放赎回,nan
1670,2022-06-08,2.8877,2.9658,1.35,开放申购,开放赎回,nan
1671,2022-06-09,2.8382,2.9163,-1.71,开放申购,开放赎回,nan
1672,2022-06-10,2.8749,2.953,1.29,开放申购,开放赎回,nan
1673,2022-06-13,2.834,2.9121,-1.42,开放申购,开放赎回,nan
1674,2022-06-14,2.8685,2.9466,1.22,开放申购,开放赎回,nan
1675,2022-06-15,2.8997,2.9778,1.09,开放申购,开放赎回,nan
1676,2022-06-16,2.9015,2.9796,0.06,开放申购,开放赎回,nan
1677,2022-06-17,2.95,3.0281,1.67,开放申购,开放赎回,nan
1678,2022-06-20,2.983,3.0611,1.12,开放申购,开放赎回,nan
1679,2022-06-21,2.9668,3.0449,-0.54,开放申购,开放赎回,nan
1680,2022-06-22,2.9281,3.0062,-1.3,开放申购,开放赎回,nan
1681,2022-06-23,2.9515,3.0296,0.8,开放申购,开放赎回,nan
1682,2022-06-24,3.0038,3.0819,1.77,开放申购,开放赎回,nan
1683,2022-06-27,3.0799,3.158,2.53,开放申购,开放赎回,nan
1684,2022-06-28,3.0937,3.1718,0.45,开放申购,开放赎回,nan
1685,2022-06-29,3.0645,3.1426,-0.94,开放申购,开放赎回,nan
1686,2022-06-30,3.1716,3.2497,3.49,开放申购,开放赎回,nan
1687,2022-07-01,3.1496,3.2277,-0.69,开放申购,开放赎回,nan
1688,2022-07-04,3.144,3.2221,-0.18,开放申购,开放赎回,nan
1689,2022-07-05,3.1143,3.1924,-0.94,开放申购,开放赎回,nan
1690,2022-07-06,3.0502,3.1283,-2.06,开放申购,开放赎回,nan
